file,Time,AUC-PR,AUC-ROC,VUS-PR,VUS-ROC,Standard-F1,PA-F1,Event-based-F1,R-based-F1,Affiliation-F
001_NAB_id_1_Facility_tr_1007_1st_2014.csv,0.4305291175842285,0.10602722221519514,0.5531650993214143,0.10481162022211572,0.5565362645645957,0.17214700336484856,0.8437884378843789,0.35294117647058776,0.18576175416432092,0.878333911695833
002_NAB_id_2_WebService_tr_1500_1st_4106.csv,0.3405444622039795,0.06148798495641474,0.18016082636098085,0.06828512495881997,0.23513391886641544,0.19396901578831816,0.4739583333333333,0.19394123915360006,0.32939356534238695,0.6735042518433718
005_NAB_id_5_Traffic_tr_594_1st_1645.csv,0.21438241004943848,0.08881815554252877,0.4581166422664348,0.0928927241619745,0.475379533350652,0.1821644368904033,0.6485013623978202,0.1833721833721832,0.23755441890572135,0.7035525817257696
006_NAB_id_6_Traffic_tr_2579_1st_5839.csv,0.5586147308349609,0.8679845303588098,0.9775320428066604,0.8656099887042242,0.9818298220065098,0.7778314495481575,0.8888888888888888,0.8888888888888884,0.761652881197642,0.8840574542292352
008_NAB_id_8_Synthetic_tr_1007_1st_2734.csv,0.2716257572174072,0.46839853363998124,0.856480205749977,0.500509786550832,0.8765966237516991,0.6790532405024428,0.9115646258503401,0.8387096774193542,0.5760307000934132,0.9076735321368781
009_NAB_id_9_Traffic_tr_500_1st_438.csv,0.20963573455810547,0.07851322361107443,0.41604541559554414,0.08913208371672815,0.45031732148132103,0.22418067683893061,0.41025641025641024,0.22142491030240882,0.28929214876316134,0.7106874845800063
010_NAB_id_10_WebService_tr_500_1st_271.csv,0.1613020896911621,0.1476584815104679,0.551785940870448,0.2636842756217928,0.6218508637660781,0.34833834013317366,0.3884514435695538,0.34846625766871137,0.5791636981038057,0.7019964142494518
011_NAB_id_11_Facility_tr_1007_1st_1526.csv,0.2836582660675049,0.07007672501982715,0.20378014944087192,0.0887922610298522,0.29868455493410684,0.21231613134674088,0.5602836879432624,0.21198568872987458,0.1418855355401049,0.8029537738908402
013_NAB_id_13_Traffic_tr_623_1st_2084.csv,0.22471165657043457,0.05470258214577463,0.09224643093097407,0.0687829224861582,0.17841148511322366,0.18322700201256759,0.2016260162601626,0.18262476894639537,0.45280644558040894,0.833420439387866
014_NAB_id_14_WebService_tr_500_1st_1045.csv,0.18203186988830566,0.11534846449478188,0.5451168535056051,0.12013256116814519,0.5633260248587112,0.2001410223869117,0.8914956011730205,0.2872928176795578,0.25855605861447833,0.6816274871863278
015_NAB_id_15_Synthetic_tr_1007_1st_2787.csv,0.2803528308868408,0.9999886299943773,0.9999983377051688,0.9999934411328985,0.9999995169280896,0.998049474752145,1.0,0.9999999999999996,0.9976553341148886,0.9999978238777187
016_NAB_id_16_Environment_tr_1816_1st_3540.csv,0.40590572357177734,0.10144500827898201,0.487858098373282,0.10531399138304491,0.4951203642688025,0.19429252368718988,0.624946050927924,0.223874070835155,0.49598626657019457,0.7171513725768353
017_NAB_id_17_Synthetic_tr_1007_1st_1805.csv,0.281294584274292,0.5658924921185265,0.5881651949675706,0.5615799353738475,0.5935600894227496,0.6841198851686769,1.0,0.9999999999999996,0.7592592592592593,0.9940913508139789
018_NAB_id_18_Facility_tr_500_1st_669.csv,0.19532322883605957,0.19441662784880054,0.7912210478691986,0.31988473975667436,0.8521935510136521,0.3725069164230226,0.5449275362318841,0.38331160365058636,0.31228488834958346,0.8835474947381972
019_NAB_id_19_Facility_tr_1007_1st_1171.csv,0.263516902923584,0.08473712465178443,0.4401432112365739,0.0865684503512026,0.44809084667317783,0.18169041603800826,0.9009009009009009,0.1808632107787164,0.21460247217485756,0.8247275889752076
020_NAB_id_20_Synthetic_tr_1007_1st_2679.csv,0.29747605323791504,0.9964242134979273,0.9993327383229206,0.9994416227755322,0.9999152075062869,0.9605518523523219,1.0,0.9999999999999996,0.9630919570543627,0.999325821900654
022_NAB_id_22_Facility_tr_1007_1st_2980.csv,0.28281092643737793,0.27906700211745755,0.3307566329995837,0.19219155074705999,0.24945344329581204,0.29841801865213047,0.7619047619047619,0.6666666666666662,0.4522802841442073,0.7810229733846682
023_NAB_id_23_Facility_tr_4512_1st_16551.csv,0.9741184711456299,0.5675105662285601,0.8094503222188423,0.5606484476948514,0.8097264305142597,0.6352892115325467,1.0,0.9999999999999996,0.3377718597425655,0.9923779192595691
024_NAB_id_24_Synthetic_tr_1007_1st_2787.csv,0.2989225387573242,0.9838643702572701,0.9976151610154184,0.9980327469007346,0.999736273396798,0.9412794209337075,1.0,0.9999999999999996,0.9412844036697248,0.9979929814303538
025_NAB_id_25_WebService_tr_3958_1st_4614.csv,0.8410587310791016,0.09314838861799932,0.4771861022392594,0.09362467897289654,0.47839889487656523,0.18148238385647758,0.9127671865973426,0.1813900057438252,0.28561048396736555,0.6758772546468328
026_NAB_id_26_Traffic_tr_624_1st_2261.csv,0.21293163299560547,0.09333051889939495,0.44798538610490635,0.09415830198465946,0.44927108775567043,0.1739114555910576,0.9407114624505929,0.2686567164179102,0.38511834417556695,0.6705102057352533
027_NAB_id_27_Facility_tr_757_1st_2582.csv,0.24470901489257812,0.035405098588070685,0.06522960084775697,0.04386829996918187,0.1743053560869981,0.12379951954087363,0.1503194287861706,0.12325797460514078,0.268821979879348,0.7757321079309649
028_NAB_id_28_Facility_tr_1007_1st_3447.csv,0.2939453125,0.9741146723246056,0.9968613369671215,0.9942800786968421,0.9993558476804386,0.928720727370618,1.0,0.9999999999999996,0.9237379162191193,0.9954021996866133
032_WSD_id_4_WebService_tr_4559_1st_11822.csv,0.5532264709472656,0.29441148373697035,0.9471090670170828,0.10479599715099555,0.9601037013195505,0.35897141356788864,0.5454545454545454,0.6666666666666662,0.46153846153846156,0.8053434610031209
039_WSD_id_11_WebService_tr_1746_1st_1846.csv,1.028533935546875,0.006491265964391247,0.4927224643180854,0.018340793671013884,0.5222268830233321,0.0207844508257662,0.024585477415666093,0.02034620085958753,0.08913334130460777,0.6717927476648317
040_WSD_id_12_WebService_tr_4559_1st_9714.csv,1.0081031322479248,0.4391925460001828,0.9955629729421779,0.388388577609355,0.9968827580737546,0.4642817921249704,0.48148148148148145,0.39999999999999963,0.3880597014925373,0.8591396300137122
043_WSD_id_15_WebService_tr_4521_1st_6828.csv,1.009012222290039,0.002962576671050238,0.9355882515625865,0.026240965857658154,0.9565438420813367,0.009708641248958445,0.010344827586206896,0.009615384615384604,0.10529788216665566,0.7465782349263775
049_WSD_id_21_WebService_tr_4297_1st_7097.csv,0.9352872371673584,0.0018526312520216652,0.5387649511748493,0.0022575952749059394,0.47005434714514344,0.005061862220387635,0.010979358805445762,0.005010288986311168,0.010243899550571112,0.7012990723646658
054_WSD_id_26_WebService_tr_2409_1st_2509.csv,1.0316505432128906,0.046500667235765084,0.9411600314192402,0.14490807765585537,0.952813770627537,0.18768016276122243,0.19020172910662825,0.17777777777777742,0.2767435398721867,0.8088682200939952
058_WSD_id_30_WebService_tr_1136_1st_1236.csv,0.9517159461975098,0.0002512382190273423,0.02473529734474436,0.0002828511416105019,0.04964366709307315,0.0008837249418556903,0.0009213405505009789,0.0008831484241320298,0.006789250353606789,0.7217301045657794
060_WSD_id_32_WebService_tr_4576_1st_4766.csv,1.0132977962493896,0.0028456701198553295,0.03920276015696615,0.0041243317402578274,0.07227584544033701,0.011082630049685956,0.01108454683764399,0.010975278456941035,0.00788335372190045,0.6700217445142953
068_WSD_id_40_WebService_tr_4549_1st_13322.csv,1.0178444385528564,0.430542179181099,0.9949000895853263,0.23110371147383119,0.9966781080742818,0.4090864153386194,0.7111111111111111,0.6666666666666662,0.4881305637982196,0.8717726311130228
074_WSD_id_46_WebService_tr_990_1st_1090.csv,0.9811558723449707,0.008089964124689656,0.0256478247001541,0.01136178576670037,0.020576616488141953,0.03133579831060056,0.03133610675887406,0.03133610675887402,0.15427693863506972,0.6685509442577184
089_WSD_id_61_WebService_tr_1010_1st_1110.csv,0.9784064292907715,0.022803501858915175,0.6340547347034552,0.08363002573479088,0.6257040628972949,0.06732068100022615,0.07811228641171684,0.06640507093268927,0.11762675491976213,0.6934069559793883
094_WSD_id_66_WebService_tr_3309_1st_3914.csv,0.7034695148468018,0.328343345192751,0.950829960828446,0.37286993161460075,0.9660336953075132,0.45832938371459114,0.39285714285714285,0.4074074074074069,0.40740740740740733,0.8690917052009249
099_WSD_id_71_WebService_tr_4559_1st_14411.csv,0.9846110343933105,0.1629052301674415,0.8883772679441552,0.054384494110487465,0.912001101816646,0.3030255969509565,0.4,0.49999999999999944,0.4387755102040817,0.8404157305744983
106_WSD_id_78_WebService_tr_3363_1st_3463.csv,1.0137462615966797,0.0132320298174919,0.46179566299074554,0.03894434472052533,0.5856066455148583,0.06103650614975113,0.0670611439842209,0.08465608465608444,0.15472827626331062,0.6691268741818139
113_WSD_id_85_WebService_tr_500_1st_335.csv,1.0360488891601562,0.019243048776797656,0.7644247689981875,0.07298762772259539,0.8117961216320096,0.10988540232702228,0.11363636363636363,0.13422818791946262,0.13422818791946312,0.7303795587823058
117_WSD_id_89_WebService_tr_3251_1st_3351.csv,0.8662171363830566,0.0001275249183035408,0.05181294407459436,0.00015549892828731213,0.10525527714693599,0.0003739445317431111,0.00039313327217926875,0.0003692307692307689,0.0005089058524173028,0.6952890033664879
125_WSD_id_97_WebService_tr_2217_1st_2317.csv,0.9707376956939697,0.004614953993467078,0.08723708781758317,0.00705274609203778,0.14094660535951004,0.017597044782713834,0.01762881549594646,0.017490494296577928,0.01675844706448594,0.724128773841067
130_WSD_id_102_WebService_tr_2362_1st_2462.csv,0.9777889251708984,0.005447050920981085,0.030533016675691697,0.00805121324706438,0.0367849521608726,0.02115979281103483,0.021160002170256632,0.021053773943241604,0.07187489785995788,0.6669990351188617
137_WSD_id_109_WebService_tr_4559_1st_14404.csv,0.9591524600982666,0.0340039386906216,0.9294284171746191,0.031532280109495284,0.9322146498662103,0.0913202645511536,0.41025641025641024,0.11111111111111091,0.14285714285714288,0.6700164638349054
139_WSD_id_111_WebService_tr_1701_1st_1801.csv,1.0363309383392334,0.00384474170739905,0.4262580910266415,0.01711213729739266,0.4254782510623101,0.01267098666390977,0.013488523876862831,0.012456606085358356,0.0625098443941744,0.6701499870159222
140_MSL_id_1_Sensor_tr_530_1st_630.csv,0.21644020080566406,0.5722962804601444,0.6123469427930233,0.7064281436477412,0.740883493261579,0.705877785496682,1.0,0.9999999999999996,0.7525773195876289,0.994786413907454
141_MSL_id_2_Sensor_tr_500_1st_550.csv,0.2303309440612793,0.28300519028380555,0.7812614937999158,0.4520546406030225,0.8875631215572017,0.4931146705251102,0.7878787878787878,0.552631578947368,0.526664961530313,0.8516845157262595
143_MSL_id_4_Sensor_tr_980_1st_3550.csv,0.28767848014831543,0.03589081625099904,0.5109172299581505,0.04918066664281044,0.5875333577219018,0.11400420995652522,0.25528317836010145,0.11264453562103681,0.25989643372014676,0.6842295649272283
144_MSL_id_5_Sensor_tr_1525_1st_4590.csv,0.41991186141967773,0.04502035666725966,0.7689730273077567,0.06203917342728389,0.7770928432039473,0.15965727554853087,0.15965874466788543,0.15946439440048676,0.15946439440048693,0.8751076414800356
145_MSL_id_6_Sensor_tr_530_1st_630.csv,0.2225639820098877,0.31819218736751087,0.9475426734767655,0.45302297038069306,0.9666389290176362,0.5300304406800008,0.7882736156351792,0.6297872340425527,0.2829386257505003,0.8759429025559028
147_MSL_id_8_Sensor_tr_590_1st_690.csv,0.2176671028137207,0.182564254004534,0.7604362528604954,0.2385767155783067,0.7749781283009934,0.3620534972594816,0.4836852207293666,0.3632523759239701,0.4502524039845489,0.7371790660483881
148_MSL_id_9_Sensor_tr_883_1st_1238.csv,0.2619056701660156,0.14867803108106584,0.7627971501175073,0.16431848300575339,0.7865823444507368,0.26954603987727954,0.628099173553719,0.3499999999999997,0.3128472884756602,0.7306061311197545
149_Stock_id_1_Finance_tr_500_1st_7.csv,1.105605125427246,0.058106870623006394,0.5728099895168944,0.7931157012736163,0.9025387262843677,0.1149209555625051,0.11372487926468297,0.11310217517931695,0.09529707315994651,0.6716933169924441
151_Stock_id_3_Finance_tr_500_1st_62.csv,0.5426256656646729,0.05386448608126741,0.5410624734638497,0.8325796779940119,0.909677036259169,0.1029805018271801,0.10204373302844076,0.10203521569391193,0.10060024242848484,0.6722585989368933
155_Stock_id_7_Finance_tr_500_1st_18.csv,1.14223051071167,0.06097802244252001,0.5671222551649571,0.9232701824635392,0.9518535315138102,0.10775822648228144,0.10652173913043478,0.10604226257788382,0.12171348001849278,0.6717333816658385
156_Stock_id_8_Finance_tr_500_1st_24.csv,0.5246827602386475,0.0365879550818842,0.39260765692801924,0.10990139548520284,0.4559398109645355,0.09252105578210915,0.09252193819152996,0.09252193819152985,0.06324829787315552,0.6709324788438
160_Stock_id_12_Finance_tr_500_1st_14.csv,1.0762486457824707,0.043136302383630296,0.47095294318857817,0.4250837627164636,0.7382393702199804,0.09351228719043715,0.09342230695900858,0.09342208264299659,0.09741694257157203,0.6711434128203841
162_Stock_id_14_Finance_tr_500_1st_4.csv,0.5340802669525146,0.152487416788578,0.5340183765425871,0.9453600411896795,0.9605926620945473,0.24714444584514517,0.24719543396969101,0.24673170133761838,0.22231322210379537,0.6875643452565009
165_Stock_id_17_Finance_tr_500_1st_7.csv,1.1264326572418213,0.15388938875717717,0.5319533302268242,0.9721184806030798,0.9792766128086549,0.2492816261003502,0.24930302380441777,0.24909896389310762,0.33315621491288133,0.6864016008080553
166_Stock_id_18_Finance_tr_500_1st_18.csv,1.0755972862243652,0.18552277176649323,0.6012775249288757,0.8858942179078598,0.9209820083013731,0.2738030566695806,0.2739025429748544,0.27148424068059596,0.1463515069906379,0.6867517330669177
169_Daphnet_id_1_HumanActivity_tr_9693_1st_20732.csv,3.4963302612304688,0.03349989976660507,0.1208828807463084,0.035969000021450655,0.11907965278559897,0.11537390656318797,0.12753719373928432,0.11527756692475065,0.4789775903361041,0.8466712731004907
170_MITDB_id_1_Medical_tr_17675_1st_17775.csv,594.2761552333832,0.6814889827695331,0.986713893307202,0.7703939312587379,0.9909176166422001,0.7549512399718642,0.8332823259372609,0.7972127402848498,0.7641993487815816,0.942838278960929
171_MITDB_id_2_Medical_tr_50000_1st_88864.csv,862.2518711090088,0.6799729785670879,0.9743910909602439,0.7059829353103667,0.9847911153542969,0.6636095250016772,0.7998986443684277,0.6953161795096064,0.5334113581051725,0.87827802393275
172_MITDB_id_3_Medical_tr_27274_1st_27374.csv,866.1845173835754,0.7232110464147453,0.9872244529252157,0.7737684130559155,0.9910597524439253,0.6933530954487206,0.8219829111684109,0.7696851013283734,0.6425808494052725,0.9329617632880421
173_MITDB_id_4_Medical_tr_13620_1st_13720.csv,855.5965023040771,0.3069951107133083,0.7572198378395406,0.3450332441045195,0.7833884094372382,0.36906392807223737,0.49522164801204976,0.43636838297013003,0.36348848941905443,0.7719748714599473
175_MITDB_id_6_Medical_tr_27274_1st_27374.csv,866.1739075183868,0.6992374296652278,0.9911837684045455,0.7442420295068655,0.9924438656281749,0.7300037545887197,0.8113620511340405,0.7670199905390958,0.581084807111064,0.9360315727930043
176_MITDB_id_7_Medical_tr_6232_1st_6332.csv,856.9530720710754,0.33442304770802633,0.8305543185451021,0.33350077402213224,0.845418625389227,0.4273623861298987,0.5158049763584218,0.43694721597255204,0.37573065159069946,0.7915578782309165
177_MITDB_id_8_Medical_tr_17675_1st_17775.csv,864.7043814659119,0.7938506405943924,0.9903854269409478,0.8452427160508794,0.9936557493061595,0.7257438977702074,0.8618736834835456,0.8219741554654354,0.7127537692369335,0.9594329654558161
178_SMD_id_1_Facility_tr_6000_1st_10609.csv,1.4842216968536377,0.42271631976722124,0.7232209357925566,0.2801662779404494,0.6759187242937756,0.4992106509267036,0.8952134540750324,0.6666666666666662,0.4296472947014816,0.7568016675109948
179_SMD_id_2_Facility_tr_5925_1st_17580.csv,1.5353219509124756,0.0590116948165054,0.9248621863079649,0.06844548692293488,0.9373801404101503,0.14925031679354184,0.5193548387096775,0.17200674536256308,0.22561220393416298,0.6666875401981207
180_SMD_id_3_Facility_tr_5925_1st_17580.csv,1.4411041736602783,0.0037922292106203712,0.13183231132834616,0.004214064526786463,0.1398496193405602,0.014163666879364621,0.0209417273673257,0.014163807512976145,0.02191971338970999,0.6830031507655103
181_SMD_id_4_Facility_tr_5000_1st_15144.csv,1.2119643688201904,0.091208826119268,0.7399031676897675,0.09083691774436117,0.7002385641695713,0.17027668976293903,0.6589994249568718,0.25274725274725224,0.18695072567939724,0.8668268861531788
183_SMD_id_6_Facility_tr_5925_1st_17580.csv,1.4786765575408936,0.9358111643453971,0.9995280009666878,0.9584020160840114,0.9998050716246878,0.8533284332370268,1.0,0.9999999999999996,0.8533594356000442,0.9994461297975478
184_SMD_id_7_Facility_tr_7119_1st_15849.csv,1.8838701248168945,0.10199921162406131,0.5717412735286467,0.10680128462238828,0.571310006269357,0.25145397228063554,0.544147428108546,0.253233492171545,0.17395392391478942,0.7555388200880735
185_SMD_id_8_Facility_tr_5000_1st_15144.csv,1.2055926322937012,0.024955512397879877,0.1281112969336512,0.028628727854920124,0.11383983284411985,0.08718530086975917,0.09461330123382486,0.08704822164701362,0.22288307926665976,0.7013625440976664
187_SMD_id_10_Facility_tr_5000_1st_15849.csv,1.1962673664093018,0.06847777514661559,0.2595254064337156,0.07194802533729187,0.24987488446445702,0.1973844309650206,0.2876847290640394,0.1973138633495581,0.3956986370186944,0.7466596055251666
188_SMD_id_11_Facility_tr_500_1st_392.csv,1.5236589908599854,0.020517147695763384,0.22092405538130508,0.023739584036315528,0.13353126196420642,0.06666058276660057,0.06862662746745066,0.06664219584811772,0.18634861165110153,0.6701484509642333
189_SMD_id_12_Facility_tr_5925_1st_17580.csv,1.4707214832305908,0.011763383801070457,0.6569727897438224,0.011846289042829966,0.6582397629951258,0.04917583922992057,0.9415204678362573,0.11764705882352929,0.15991881209272513,0.7159549831299539
190_SMD_id_13_Facility_tr_7119_1st_15849.csv,1.9406678676605225,0.0802172177377389,0.4720757235428193,0.09572879061523645,0.41700757287913237,0.20279311527528876,0.3420164664597112,0.2006786664371121,0.22402283223403177,0.7063228037978059
191_SMD_id_14_Facility_tr_4596_1st_4696.csv,1.451645851135254,0.015836369966947008,0.8141346612877951,0.01958536079681138,0.8186261857598904,0.05182768116735135,0.07911392405063292,0.05160834217037817,0.13408480059575437,0.684040245073694
192_SMD_id_15_Facility_tr_5925_1st_17580.csv,1.4649953842163086,0.005981911652734095,0.4550867459822039,0.006190354505830053,0.45835827793997286,0.020459817150728005,0.029765206137918283,0.020241088119641565,0.02054766626713197,0.7068382375112084
194_SMD_id_17_Facility_tr_5925_1st_17580.csv,1.4863553047180176,0.005188436732015187,0.375879292777122,0.005348087335885729,0.3760649213092689,0.01882912170906862,0.026589595375722544,0.01876456876456874,0.04809508453494265,0.9527780683919059
195_SMD_id_18_Facility_tr_5925_1st_17580.csv,1.4809114933013916,0.015379205187202906,0.7890343728217205,0.01564448297443106,0.7892647964169807,0.03545754647918096,0.3262411347517731,0.03570712136409224,0.06647545132444743,0.782009284569488
196_SMD_id_19_Facility_tr_7174_1st_21230.csv,1.9550609588623047,0.0808780749852944,0.964568386600711,0.11516137428574781,0.9703098942994531,0.1818153669743544,0.38247011952191234,0.19659735349716428,0.3139336270535367,0.7138952714854785
197_SMD_id_20_Facility_tr_5000_1st_15144.csv,1.1969680786132812,0.08396943375959895,0.685869880227528,0.07739621989966998,0.6380068902444556,0.13709666607333712,0.7327365728900256,0.2264150943396222,0.14927690345331407,0.8443453933881638
198_SMD_id_21_Facility_tr_5925_1st_17580.csv,1.464435338973999,0.6670225763450062,0.9268644225649837,0.6717957373104442,0.944365145760208,0.7391255737034679,1.0,0.9999999999999996,0.7827979795160884,0.9991214623118447
199_SMD_id_22_Facility_tr_5925_1st_17580.csv,1.4325237274169922,0.492880269495569,0.9900603177300143,0.3653301037398277,0.9902310300128082,0.4785845991514174,1.0,0.9999999999999996,0.391072618254497,0.9995212167818329
201_SMD_id_24_Facility_tr_7174_1st_21230.csv,1.924586296081543,0.08613814745336827,0.9614573342378803,0.12174644253895019,0.9579423100372071,0.20080814935452956,0.4169381107491857,0.21030494216614065,0.2829132534626873,0.8098500827328434
202_SMD_id_25_Facility_tr_6250_1st_21230.csv,1.5785729885101318,0.10004744239060967,0.9861519259329478,0.2108201402414411,0.9917494569458085,0.23255503857569204,0.5096525096525096,0.2509803921568625,0.33377289377289376,0.679084319369136
203_SMD_id_26_Facility_tr_7174_1st_21230.csv,1.9850168228149414,0.02161630749543022,0.856865199117287,0.028845320275306605,0.8648956690529839,0.058444142230753164,0.1326883206634416,0.056662665066026324,0.09568955997255335,0.6733317553117147
204_SMD_id_27_Facility_tr_5000_1st_15144.csv,1.236027479171753,0.02657247143274174,0.2073947987532661,0.033332093931086194,0.14197752023755958,0.0871518275909334,0.10659473537345364,0.08711503405929186,0.256640221212057,0.7012634551888253
205_SMD_id_28_Facility_tr_5925_1st_17580.csv,1.4911606311798096,0.9485692358992313,0.9996082065039303,0.9625528449881875,0.9998297354092357,0.8617836990314612,1.0,0.9999999999999996,0.8640798875065133,0.9995741315803646
206_SMD_id_29_Facility_tr_6250_1st_21230.csv,1.5727274417877197,0.05740106602976448,0.9750669038990206,0.10352074149036207,0.9842195821014994,0.14162846989751252,0.3940298507462687,0.15873015873015858,0.2280130293159609,0.6813720617132156
207_SMD_id_30_Facility_tr_7174_1st_21230.csv,1.9784133434295654,0.27577033219805464,0.9484385223559901,0.17673907705917083,0.9515945467322592,0.32064720293623306,0.5,0.4999999999999996,0.34598897734231476,0.6825628717397386
208_SMD_id_31_Facility_tr_5000_1st_15144.csv,1.1976351737976074,0.026645819034143915,0.2013398374298897,0.03140136438529213,0.16163024966007047,0.08821873408791321,0.10136210861489475,0.08805275407292465,0.225683674235671,0.7056103783069161
209_SMD_id_32_Facility_tr_5925_1st_17580.csv,1.473146915435791,0.007399709376647798,0.5222594110908427,0.0074897615681756066,0.5251644094879335,0.02006295549230888,0.4363143631436314,0.019543973941368056,0.048185402752072094,0.7356296889079775
211_SMD_id_34_Facility_tr_5925_1st_17580.csv,1.4685676097869873,0.00498651632508857,0.36432389106610574,0.005055006519143132,0.36734205706460865,0.013563471013865612,0.16770833333333332,0.01356017855638843,0.03623973709753234,0.7539045879981429
212_SMD_id_35_Facility_tr_5925_1st_17580.csv,1.4653687477111816,0.019878670459278814,0.7382223181405401,0.021097498296517095,0.7393172463688369,0.0789081434589868,0.6064030131826742,0.09539473684210516,0.09683739154771899,0.7698918413460359
213_SMD_id_36_Facility_tr_5925_1st_17580.csv,1.514641284942627,0.004760433323640069,0.31735141264640804,0.005185239839753543,0.3323781484499402,0.015161352502200446,0.021892847429970084,0.014836658526470979,0.06008583690987125,0.927644785224981
214_SMD_id_37_Facility_tr_5925_1st_17580.csv,1.5136585235595703,0.0591572578748123,0.9249558473794159,0.068858773175428,0.9374551578317369,0.14965644270859704,0.5193548387096775,0.17229729729729712,0.22561220393416298,0.6666875401981207
215_SMD_id_38_Facility_tr_5925_1st_17580.csv,1.4679374694824219,0.006494634218720694,0.5064887334965235,0.006509538169935192,0.5076786556952402,0.016185915308132837,0.5119236883942766,0.01609010458567979,0.03285216525634644,0.9520072050265598
216_LTDB_id_1_Medical_tr_500_1st_266.csv,44.56406331062317,0.7429847524207722,0.9610774267561797,0.8632632577388734,0.980697854546229,0.7549115918918138,0.8803759258106678,0.8406850304675808,0.7820589848308616,0.9528308884417321
218_LTDB_id_3_Medical_tr_500_1st_266.csv,44.29931426048279,0.7627283166781791,0.9647956632910287,0.8523458612529625,0.9787756012873948,0.758082052776085,0.8578512915476602,0.8241228686336707,0.7904765695487623,0.9439247633422568
219_LTDB_id_4_Medical_tr_3618_1st_3718.csv,44.97514772415161,0.6132555528250949,0.9163037762631588,0.7322631742347702,0.9448995405232934,0.5961200397780761,0.711212945725333,0.6543593826824997,0.5532197653531105,0.8188221698722272
220_LTDB_id_5_Medical_tr_500_1st_26.csv,45.25055408477783,0.20426779078694496,0.20485510183889824,0.2520919117416609,0.27724660233765513,0.47983521578523325,0.5516911258216292,0.47983095551180766,0.34967630700449365,0.7668168284175632
221_LTDB_id_6_Medical_tr_500_1st_26.csv,45.12771248817444,0.42463224577276015,0.6922261164848551,0.534889379617927,0.7519640545301077,0.581443256541445,0.6995707095628145,0.6271621553850428,0.5704662799429446,0.8221413931743399
222_LTDB_id_7_Medical_tr_3618_1st_3718.csv,44.507726192474365,0.5243218444775056,0.886822227155395,0.6343577803170126,0.9163922827070529,0.5322569831348757,0.6344027877913962,0.5751264493610975,0.434678383868442,0.8047519091862314
223_LTDB_id_8_Medical_tr_4456_1st_4556.csv,44.75980854034424,0.5884416062548294,0.9025072705927522,0.6332761214016114,0.908126560847815,0.6065436086139024,0.6315344987754412,0.6090252182962114,0.6071593882585561,0.8547900527131451
224_LTDB_id_9_Medical_tr_4456_1st_4556.csv,44.80690383911133,0.4522584182159144,0.8310743737073791,0.5357175980709045,0.8560060432736925,0.5193985912046795,0.5863360515835387,0.5393329100712138,0.5017410631952698,0.8016763244238204
225_MGAB_id_1_Synthetic_tr_25000_1st_38478.csv,45.10209035873413,0.19163678732767636,0.8943696392785572,0.09300157236321732,0.9329099593711945,0.3296653786518225,0.33240997229916897,0.3292336802270572,0.35663353868846803,0.7222036651350439
226_MGAB_id_2_Synthetic_tr_20000_1st_45134.csv,23.635804414749146,0.2828370082256059,0.8858628492719401,0.14781574806216188,0.9226589444992338,0.4109539126145774,0.41237113402061853,0.40569395017793547,0.4664055438385056,0.7213584843045208
227_MGAB_id_3_Synthetic_tr_25000_1st_44340.csv,44.9883496761322,0.3766922396713017,0.9200469438877754,0.22915143109282915,0.9337057543912372,0.4962729159602015,0.5063291139240507,0.5008347245409009,0.5271010257711597,0.7353338327036841
228_MGAB_id_4_Synthetic_tr_25000_1st_38948.csv,45.622939109802246,0.3219455946851373,0.8668351202404809,0.24160310478867897,0.9041938855252083,0.4449388714096699,0.45146726862302483,0.4470046082949304,0.4984950055593314,0.7508241186605302
229_MGAB_id_5_Synthetic_tr_25000_1st_33098.csv,46.69123387336731,0.28958528097351366,0.951217985971944,0.21237333476615958,0.9585546619500017,0.4117597301067409,0.42780748663101603,0.4192634560906511,0.4537374448961938,0.8498845985818801
231_MGAB_id_7_Synthetic_tr_25000_1st_35544.csv,45.6668267250061,0.2812678488095682,0.912735120240481,0.22488703659859993,0.9270868266689388,0.40309578089769915,0.4071246819338422,0.40414507772020675,0.44003431650938274,0.7551485919779442
232_MGAB_id_8_Synthetic_tr_25000_1st_32708.csv,45.20507764816284,0.37417433856350685,0.9151128757515031,0.39301746102190627,0.9455221541968766,0.4787831038125434,0.4878048780487805,0.4820846905537455,0.502626388861768,0.8713992925689882
233_MGAB_id_9_Synthetic_tr_25000_1st_41300.csv,45.87979698181152,0.26848964181122137,0.9946805611222445,0.4939544632423602,0.9962484164558857,0.3354248997538139,0.3368421052631579,0.3351007423117704,0.4331066788573378,0.9425032291489593
234_SED_id_1_Medical_tr_3740_1st_3840.csv,1.23433256149292,0.5540302079761785,0.9689906792198469,0.7569924282982613,0.9815259748913057,0.5777870439037474,0.6151874399231015,0.5876494023904376,0.6654142886357004,0.9593051079165392
236_SED_id_3_Medical_tr_3740_1st_3840.csv,3.866896152496338,0.4834796292372033,0.9639093976725526,0.6705596136844478,0.9749433832592455,0.49568751465349903,0.5305699481865285,0.5045045045045039,0.5236700875329025,0.9457358064374205
237_SVDB_id_1_Medical_tr_11587_1st_11687.csv,215.3819215297699,0.14921446580477804,0.25932239171122595,0.16100658293055828,0.3068674812911801,0.17221210321191313,0.7704700086024869,0.8425663488791544,0.8221779856217839,0.924325439893956
238_SVDB_id_2_Medical_tr_25000_1st_71963.csv,45.595726013183594,0.9910891226146341,0.9999415129113041,0.9451661971979157,0.9997779697764586,0.9686310330794516,1.0,0.9999999999999996,0.7285847165403653,0.9998978374919089
239_SVDB_id_3_Medical_tr_50000_1st_106634.csv,268.85141921043396,0.6671767923385211,0.98635104376708,0.49409863551048305,0.9844913842231523,0.6146381723628757,0.6787814003206841,0.5907467643245451,0.3717993165824683,0.9307252097033474
240_SVDB_id_4_Medical_tr_18462_1st_18562.csv,215.20336365699768,0.5324182528967886,0.9412535040200326,0.627576504985628,0.968068976805159,0.6156643580370124,0.7567295597484277,0.6989963893889807,0.6130259241930835,0.8234030200470202
241_SVDB_id_5_Medical_tr_11587_1st_11687.csv,215.255051612854,0.2487162887825203,0.5534746792260667,0.2942942577075398,0.5979877125179308,0.3255102040108123,0.9842649482991158,0.874653739612188,0.6712280055781908,0.9642997850776724
243_SVDB_id_7_Medical_tr_11393_1st_11493.csv,208.58776998519897,0.7794070789273981,0.9940429148720522,0.8839958452042515,0.996883350826236,0.7915288262768473,0.8497893527384144,0.830142919012559,0.7896991301970748,0.9833362998247824
244_SVDB_id_8_Medical_tr_17803_1st_17903.csv,215.2271432876587,0.8032989630602918,0.9932921624412645,0.8968635700640717,0.996930928532452,0.7337613417993075,0.8315281221453739,0.8007400555041623,0.7407597297657388,0.9677622286167149
245_SVDB_id_9_Medical_tr_12607_1st_12707.csv,208.99136757850647,0.20446919432270252,0.6017994783993107,0.19511119800360252,0.6598230083782793,0.25292148904211614,0.34300482425913165,0.273189272838281,0.20256456043032955,0.6922194908917725
246_SVDB_id_10_Medical_tr_20100_1st_68460.csv,24.711429119110107,0.4635106833027585,0.9860296727362938,0.43666339466950166,0.989596358457936,0.539793721381995,0.6822529224229543,0.59560293137908,0.45857267062935136,0.8923473938298067
247_SVDB_id_11_Medical_tr_20100_1st_23611.csv,24.379729986190796,0.8422862522242626,0.9975407196979156,0.8683271227237549,0.998456495636197,0.7272679827836397,0.840373499333037,0.7874481941977496,0.7689259181487371,0.9173729443453976
248_SVDB_id_12_Medical_tr_18462_1st_18562.csv,214.47052121162415,0.4585925466733991,0.9429787585043308,0.4892111420992202,0.9568817069068272,0.4748268675715906,0.595730183965478,0.5122958131877252,0.4918153394535245,0.8363225102126755
249_SVDB_id_13_Medical_tr_50000_1st_54982.csv,267.09197759628296,0.4454181707332839,0.9432849982730298,0.4993149246580702,0.9591704574801283,0.46232260970613787,0.5713013359722909,0.5131187749063972,0.42553301867782817,0.8432593888124311
250_SVDB_id_14_Medical_tr_50000_1st_107354.csv,265.24234533309937,0.5866718369256717,0.9879139655510741,0.5427114958825482,0.9796259142956409,0.671980149941954,0.9808608702445122,0.6868686868686863,0.598751657224427,0.9579398146015827
251_SVDB_id_15_Medical_tr_5421_1st_5521.csv,262.6955735683441,0.2668318260478457,0.8671506036185264,0.3496183352721652,0.9111920101928564,0.3493997986108331,0.5141139907019752,0.4039677531120841,0.3904895091353336,0.8921886161416694
253_SVDB_id_17_Medical_tr_17803_1st_17903.csv,213.12749099731445,0.7297024372888323,0.9912366577179217,0.8199358171026869,0.9946869829674387,0.7008033710149532,0.8134792874007297,0.7696143261541226,0.6944924729754858,0.9451276511472704
254_SVDB_id_18_Medical_tr_30824_1st_30924.csv,268.4679608345032,0.5369121535890085,0.9779716753597743,0.5966170513653481,0.982532597968218,0.5722135123881481,0.7057446700249326,0.6398925114941317,0.5417933402991516,0.9308059861795545
255_SVDB_id_19_Medical_tr_50000_1st_54982.csv,269.05091071128845,0.4364639165792397,0.9716899626201141,0.5027992821440702,0.9739435554464886,0.5599054460737878,0.6484166194217219,0.5948609700608535,0.5849167732993876,0.9002634122613523
256_SVDB_id_20_Medical_tr_6264_1st_6364.csv,268.6037757396698,0.7339791849136869,0.991678327283505,0.8609118613459562,0.996106954613429,0.7401611106603234,0.8481395762862738,0.7994965887262364,0.6679876581744604,0.9821512879560477
257_TAO_id_1_Environment_tr_500_1st_3.csv,0.6372759342193604,0.14216570076636936,0.6037146038115924,0.9093785732861583,0.9380855544963638,0.20689335930477035,0.20652399750675254,0.20420086757153394,0.24162523251471826,0.6780420147589745
258_TAO_id_2_Environment_tr_500_1st_4.csv,0.6381466388702393,0.16819888809817474,0.5577199132452335,0.9475935518663409,0.960498166011852,0.24964299694459274,0.24904852521408183,0.2487921034690588,0.27003664647450754,0.6875399491263909
260_IOPS_id_1_WebService_tr_5000_1st_11804.csv,1.1730892658233643,0.0003812851968136921,0.02402395962888307,0.00042549974652298923,0.03393199241864881,0.0014044803470819247,0.001483286539174657,0.0014037198576226987,0.024379203001694355,0.6952901295197011
261_IOPS_id_2_WebService_tr_2178_1st_2278.csv,0.6113462448120117,0.01844727058564778,0.9075909470646313,0.1281460650096536,0.9143736056086117,0.09090743804658098,0.09090909090909091,0.08219178082191765,0.3181818181818182,0.8418059618752036
262_IOPS_id_3_WebService_tr_7028_1st_7128.csv,201.44188380241394,0.02270025167663221,0.4592378298434394,0.020602051946373743,0.29704716209092913,0.04726680588078793,0.7063849988131973,0.05854736260701419,0.2789379716642678,0.6800487987871077
263_IOPS_id_4_WebService_tr_3482_1st_3582.csv,171.9480254650116,0.002738944131156643,0.07365946292412376,0.007229393988290378,0.10127863606574695,0.010548277432393926,0.010553948713153025,0.010545214274749538,0.020064797292886138,0.6710790768000787
264_IOPS_id_5_WebService_tr_11665_1st_11765.csv,11.598164558410645,0.6202851227181897,0.6974655987895478,0.22980658073429533,0.263403737247704,0.7563790096791738,0.9966592427616926,0.4999999999999996,0.14301710065602638,0.814197679530937
266_IOPS_id_7_WebService_tr_4010_1st_4110.csv,32.61413097381592,0.018248949132623524,0.5142947424187804,0.017491601645494955,0.3393244869455767,0.038466148374139156,0.7909249563699825,0.04901960784313677,0.033512628459772126,0.6750657819273334
267_IOPS_id_8_WebService_tr_1534_1st_1882.csv,0.4847526550292969,0.021986384345838578,0.6795987659106061,0.11024946395832497,0.7083353226340189,0.09954540073269548,0.11735941320293398,0.08786610878661054,0.08577263444520082,0.7002014432655194
268_IOPS_id_9_WebService_tr_6216_1st_6316.csv,1.9932005405426025,0.07509466145822664,0.5278436950992474,0.052877726398554196,0.16448630495507482,0.11192168826784767,0.7441077441077442,0.16535433070866096,0.22149794645670537,0.6773392878697683
269_IOPS_id_10_WebService_tr_1216_1st_1728.csv,0.41599130630493164,0.005224105758981,0.030419475242868577,0.006086741479504992,0.03890272082070824,0.019955005047374182,0.02243673362901122,0.01995520260639379,0.3917105250067155,0.667410858056808
271_IOPS_id_12_WebService_tr_500_1st_341.csv,0.6047141551971436,0.27891443771884866,0.8147794901580129,0.2432431249315627,0.6054725709362153,0.36110797842223846,0.36619718309859156,0.18181818181818163,0.3291726319376145,0.6763825724324457
272_IOPS_id_13_WebService_tr_3442_1st_3542.csv,171.77238011360168,0.0023427920673839346,0.06040451455760934,0.007736535042016005,0.07541001718333395,0.014217302466876585,0.01392515230635335,0.0216216216216212,0.06098066683882998,0.6672529077149022
273_IOPS_id_14_WebService_tr_5569_1st_5669.csv,172.35143756866455,0.0035611169244253267,0.3570038050721559,0.01089640817178775,0.32415742005583226,0.010324421085365612,0.022707612456747406,0.010304811168736194,0.015289054823956155,0.6700637189317116
274_IOPS_id_15_WebService_tr_4591_1st_4691.csv,172.29131269454956,0.03410687769572418,0.3999912370157287,0.05083692543622195,0.2679065603998911,0.08721910825464921,0.17191415814489414,0.08692361471903114,0.1933254596239732,0.6766586031028388
275_IOPS_id_16_WebService_tr_1482_1st_1582.csv,0.5978398323059082,0.0312234029653709,0.8214001095982529,0.21414722261874325,0.6764433271589861,0.10898535028833757,0.1192468619246862,0.09956331877729241,0.19312728767757564,0.668432429471108
276_IOPS_id_17_WebService_tr_19197_1st_19297.csv,36.46814036369324,0.04066981672535214,0.6352551029901439,0.03509965547203525,0.3072302901332319,0.08830151437808645,0.6313164457277858,0.0834170854271354,0.5717655540999524,0.6857221180800751
277_NEK_id_1_WebService_tr_500_1st_17.csv,0.2789909839630127,0.5863192900216364,0.9699469312413476,0.9206850571723384,0.9945819795383143,0.7719250846705327,0.8585365853658536,0.776699029126213,0.7703414634146342,0.889389544664554
278_NEK_id_2_WebService_tr_500_1st_64.csv,0.27492833137512207,0.04052168184324906,0.3060744810744811,0.06288756660313667,0.351269490253014,0.11659083031056658,0.13569937369519833,0.11607142857142844,0.3523743616954945,0.703729448277984
279_NEK_id_3_WebService_tr_500_1st_974.csv,0.28122711181640625,0.23322577695544242,0.8656475906985072,0.2381618638789616,0.8668476790369981,0.49056233537860094,0.6791044776119403,0.4848484848484844,0.3968183826778613,0.8028851516704935
281_NEK_id_5_WebService_tr_500_1st_974.csv,0.2785801887512207,0.05715651946473867,0.3302261190586064,0.0615135806322603,0.3593473526846903,0.15898679306646668,0.6330935251798561,0.15789473684210512,0.34965131968877283,0.740680430059293
282_NEK_id_6_WebService_tr_500_1st_64.csv,0.2789320945739746,0.08181966887546244,0.611016815967311,0.1570415038599368,0.6284608624622073,0.18971958013278298,0.25142857142857145,0.19512195121951184,0.3401228655177132,0.7444623591649903
283_NEK_id_7_WebService_tr_500_1st_777.csv,0.283369779586792,0.3333219405564358,0.6105019237495628,0.2501119409400171,0.4997489629732204,0.33612945420895846,0.8837209302325582,0.6666666666666662,0.38544050343249425,0.7489528205623895
284_NEK_id_8_WebService_tr_500_1st_976.csv,0.2778472900390625,0.07054327684578529,0.44887868822508453,0.07614820940952449,0.47499597008223593,0.1698457740257892,0.4405940594059406,0.16952380952380935,0.34970530451866405,0.6694709519060065
285_NEK_id_9_WebService_tr_500_1st_780.csv,0.27977800369262695,0.2798271519506328,0.5950681251199386,0.2323438882877038,0.4732847857544792,0.2845800872593693,0.8923076923076924,0.6666666666666662,0.3573065589872313,0.7292637764310843
286_CATSv2_id_1_Sensor_tr_17792_1st_17892.csv,349.06665897369385,0.488094761062017,0.7473295873450589,0.2912241982813575,0.7407267379385258,0.526271259877534,0.6232006773920407,0.5050009843697518,0.20669849673317633,0.733299152370165
287_TODS_id_1_Synthetic_tr_500_1st_11.csv,0.4116053581237793,0.09119527250666652,0.6130518830055325,0.8632155997255634,0.915330236262881,0.14326755855475526,0.14084507042253522,0.14010176310495764,0.16060766769883497,0.6721198393120662
288_TODS_id_2_Synthetic_tr_500_1st_65.csv,0.4264488220214844,0.6973888810000219,0.8516984863138709,0.731281492930382,0.8389148030555594,0.7434897527967204,0.7434944237918215,0.2550769528603228,0.153063767228111,0.6715328169737269
289_TODS_id_3_Synthetic_tr_500_1st_26.csv,0.4102513790130615,0.19049396184145348,0.7160432809773124,0.7338559129206979,0.8521877922519905,0.2554475209585497,0.2564102564102564,0.17168654403342046,0.19332417434285804,0.6761577092613807
290_TODS_id_4_Synthetic_tr_500_1st_26.csv,0.4172489643096924,0.6524462231877799,0.8914643294428899,0.7054438614636137,0.8163104119182706,0.7228865719897954,0.7444168734491315,0.27363245236631795,0.17194123166060632,0.6730309957171429
292_TODS_id_6_Synthetic_tr_500_1st_11.csv,0.4102809429168701,0.07872829939139837,0.5845276700469488,0.8482204491298979,0.9089487319620384,0.12642315738977888,0.12511170688114387,0.12362637362637327,0.180110534345557,0.6760959914038761
293_TODS_id_7_Synthetic_tr_500_1st_7.csv,0.41031599044799805,0.27377306343254604,0.8342137870921033,0.6232973199580907,0.8996941003301238,0.2759341841095331,0.2944640753828033,0.2747747747747744,0.35395055280026855,0.8281905537057246
294_TODS_id_8_Synthetic_tr_500_1st_200.csv,0.42772531509399414,0.7346359327187346,0.9463168697323028,0.6750238488398762,0.8963310026032637,0.7216632060437407,0.7619047619047619,0.48056923918992833,0.43069601062047685,0.7480665159644537
295_TODS_id_9_Synthetic_tr_1250_1st_2046.csv,0.42028188705444336,0.6596767420760419,0.9598742977918684,0.7899260990315079,0.9660378103486543,0.6188295320972197,0.8040201005025126,0.5936878021040655,0.49555260616122215,0.8929304631535651
296_TODS_id_10_Synthetic_tr_500_1st_26.csv,0.4288330078125,0.1104327177591397,0.6388524342180575,0.7741442726288837,0.8679913044338434,0.15737358438157664,0.15916955017301038,0.13835223731771118,0.1762591987571327,0.6700823367121007
297_TODS_id_11_Synthetic_tr_500_1st_7.csv,0.42905688285827637,0.1799920203458658,0.8659336123604131,0.6442831513845653,0.9357671911689915,0.29044087896107373,0.2966789667896679,0.28810496543054653,0.3990361203948524,0.8777491619693689
298_TODS_id_12_Synthetic_tr_500_1st_0.csv,0.4034903049468994,0.684360162844714,0.9055374700334781,0.7209540576587253,0.8553468490052563,0.6850347498606607,0.7633587786259542,0.3336535822124618,0.2387117588736963,0.710868780019827
299_TODS_id_13_Synthetic_tr_500_1st_65.csv,0.41642189025878906,0.5058631481424095,0.8256748274687425,0.736022872740667,0.8668634450428745,0.5420014442018722,0.5434782608695652,0.22696415745696297,0.20410110783156124,0.696290038375163
301_TODS_id_15_Synthetic_tr_500_1st_245.csv,0.41359782218933105,0.5514779131152541,0.9289951644614486,0.6787628892899192,0.9262758569222591,0.5548342833339596,0.647693817468106,0.48322147651006664,0.4697237901040855,0.854004701416968
302_Power_id_1_Facility_tr_7685_1st_7785.csv,2.9142799377441406,0.1909327183553058,0.6024356117353309,0.18500482805591006,0.626409830668173,0.24819582168636048,0.8398656215005599,0.4739811912225701,0.2400335347344685,0.7649067741607352
304_UCR_id_2_Medical_tr_2499_1st_7000.csv,0.6203007698059082,0.14326721133333586,0.9838279051065539,0.15736490524289903,0.9845562483304181,0.28124614805622844,0.5952380952380952,0.33333333333333304,0.26111111111111107,0.844418675588432
309_UCR_id_7_Medical_tr_3000_1st_5948.csv,0.7704589366912842,1.0,1.0,0.9976534530921924,0.9999951906639971,0.9999950000249999,1.0,0.9999999999999996,0.9782608695652174,0.9999953703489364
326_UCR_id_24_Medical_tr_1875_1st_4187.csv,0.5489799976348877,0.6355582873245917,0.9993546089820626,0.9264204267790233,0.999847611577387,0.6857097796214481,0.8888888888888888,0.7368421052631574,0.6666666666666666,0.9993956596082891
346_UCR_id_44_Medical_tr_7456_1st_17390.csv,2.0569326877593994,0.5591280006306935,0.7279625849635278,0.39969658016254717,0.7671104885480162,0.6698517570898528,1.0,0.9999999999999996,0.7361257094807652,0.9993677305138409
361_UCR_id_59_Medical_tr_3000_1st_7175.csv,0.7720630168914795,0.8699876780444167,0.9975635607144181,0.9547285996407703,0.9992961006322549,0.8287889209053465,1.0,0.9999999999999996,0.826834289075136,0.9968846140005658
371_UCR_id_69_Medical_tr_1853_1st_6200.csv,0.5444445610046387,0.8422391041176673,0.9960110420979986,0.9467605924338847,0.9988415767365687,0.7572336020451008,1.0,0.9999999999999996,0.7747729566094853,0.9957000419999652
382_UCR_id_80_Medical_tr_7500_1st_11800.csv,2.0503716468811035,0.7157321259660655,0.9897204264870932,0.6633688794882149,0.9895542622483124,0.7551820216886617,1.0,0.9999999999999996,0.8132911392405063,0.9995970599269144
391_UCR_id_89_Medical_tr_1875_1st_5759.csv,0.5348138809204102,0.9177854844220472,0.9978618869209808,0.9723263908781732,0.9994202784906605,0.8290106902482902,1.0,0.9999999999999996,0.8406060444111911,0.998783104298015
396_UCR_id_94_Medical_tr_1875_1st_5607.csv,0.5481784343719482,0.781436424864528,0.999033687152499,0.9396592178494442,0.9998176065788975,0.7123241058664938,0.9818181818181818,0.9523809523809518,0.7105263157894737,0.9991165445464234
415_UCR_id_113_Medical_tr_3000_1st_8612.csv,0.7749710083007812,0.9755487527555188,0.9997704464331902,0.9912590142880685,0.9999486923096912,0.8965467776729508,1.0,0.9999999999999996,0.9016197620526544,0.9997691775025
436_UCR_id_134_Medical_tr_1875_1st_4526.csv,0.5558123588562012,0.4624507629393016,0.9975237585329942,0.8845560610690478,0.9995625085533498,0.6185524285553904,0.8955223880597015,0.6666666666666662,0.6185567010309279,0.9977190773587945
437_UCR_id_135_Medical_tr_2499_1st_8000.csv,0.6385259628295898,0.3077170861336002,0.997441090945553,0.4418355432853404,0.998058442173667,0.5813912250157295,0.7692307692307693,0.5573770491803275,0.4995090016366613,0.9668636415303511
307_UCR_id_5_Facility_tr_29895_1st_39240.csv,78.11745762825012,0.0005289871801630288,0.24487361627219262,0.0006475366220997612,0.2616572925429649,0.0020517657329138053,0.0016043451013160643,0.0016043451013160628,0.0014089881703701528,0.928382636229035
331_UCR_id_29_Facility_tr_50000_1st_837400.csv,1443.0937910079956,0.001595848510777,0.44700891356876715,0.0016519463705193225,0.4564481543323238,0.004154151322533646,0.0164504719833947,0.0041511721907841505,0.004587894170602496,0.6718009766446891
332_UCR_id_30_Facility_tr_13750_1st_52600.csv,8.947563171386719,0.9851685844763978,0.9999438868613139,0.9770302922241161,0.999951204789361,0.9259209533874725,1.0,0.9999999999999996,0.9248866184133744,0.9999272674376312
349_UCR_id_47_Facility_tr_29954_1st_74900.csv,76.0352098941803,0.0004511830102661655,0.1270782347585677,0.0005864551870258951,0.1456545338825064,0.0017124796566369404,0.0016011474890338076,0.0016011474890338059,0.0018590600127810376,0.748179781504805
358_UCR_id_56_Facility_tr_10500_1st_29080.csv,4.2914817333221436,0.01397449356552525,0.9510991893180734,0.017215371239266686,0.9514240355448024,0.04068369547044357,0.06119326874043855,0.04011194029850741,0.3711340206185567,0.8939962311097425
406_UCR_id_104_Facility_tr_20000_1st_67950.csv,24.19379734992981,0.9975087943573191,0.9999919749216302,0.9540264642625804,0.9999071687454607,0.9661977835039305,1.0,0.9999999999999996,0.9717056774216138,0.9999908749167331
419_UCR_id_117_Facility_tr_3000_1st_6168.csv,0.7843658924102783,0.9994949494949494,0.999998099090605,0.9965840098946505,0.9999929992151567,0.9887590456003311,1.0,0.9999999999999996,0.9814814814814815,0.9999962121068635
420_UCR_id_118_Facility_tr_13750_1st_52600.csv,8.809715986251831,0.885006125548393,0.9995349452554745,0.8809885807535264,0.9996605993813369,0.7999952000287999,1.0,0.9999999999999996,0.8,0.9995364026473194
432_UCR_id_130_Facility_tr_23000_1st_26970.csv,36.886685848236084,0.11332101484263266,0.9880878589603781,0.15500631449779462,0.9886960487481729,0.3259071036238637,0.3597122302158273,0.32532751091703027,0.6639944564581067,0.8784396245855076
452_UCR_id_150_Facility_tr_10000_1st_35774.csv,3.8417797088623047,0.9999009900990099,0.9999997493734336,0.8598046628823344,0.9997170676821248,0.9950198757707734,1.0,0.9999999999999996,0.9909989909182644,0.9999993749996089
471_UCR_id_169_Facility_tr_10000_1st_35774.csv,3.911756753921509,0.9775507004466947,0.9999401002506265,0.8465694750270071,0.9996903536138142,0.9023206057602655,1.0,0.9999999999999996,0.9052008746730696,0.9999338706271946
494_UCR_id_192_Facility_tr_22500_1st_72150.csv,35.31210207939148,0.035010959385946734,0.9325061689778612,0.038905706269261105,0.9385936135816559,0.09722618251470877,0.41144901610017887,0.10886644219977543,0.1931743312689419,0.666675987528118
500_UCR_id_198_Facility_tr_7482_1st_23357.csv,2.161771535873413,0.06156685435482332,0.9129777108954344,0.06787596817169288,0.9131062565147635,0.16724010834829037,0.24307900067521945,0.16862955032119895,0.15947569634079736,0.7163244612207533
517_UCR_id_215_Facility_tr_7482_1st_24005.csv,2.132725238800049,0.9484339174516505,0.9998451053283768,0.6466522060257675,0.9992839828938838,0.8661368219014821,1.0,0.9999999999999996,0.888888888888889,0.9999605558744595
525_UCR_id_223_Facility_tr_50000_1st_250720.csv,350.9269380569458,0.0026989781330489637,0.6367628380845602,0.0030061159141207237,0.6566285904714912,0.007783699413657717,0.023489872251233217,0.00768912537981996,0.006987666350524544,0.6716224489461216
310_UCR_id_8_HumanActivity_tr_2631_1st_8285.csv,0.6528332233428955,0.01156493629981013,0.8843243758338097,0.013796837051339137,0.8912640469883938,0.03597086978246581,0.0684931506849315,0.03529411764705878,0.0925096985974336,0.6666677221526651
311_UCR_id_9_HumanActivity_tr_16000_1st_38400.csv,13.315307378768921,0.30782854160575224,0.8738346518987341,0.24423131821223984,0.8933813732606016,0.3861949491561201,1.0,0.9999999999999996,0.4674329501915709,0.9975878184287347
315_UCR_id_13_HumanActivity_tr_16000_1st_33070.csv,12.949021100997925,0.36747969341544506,0.9911936709401101,0.27322157252437135,0.9958997023257079,0.42707843972621146,0.9777777777777777,0.8648648648648642,0.49606994612735145,0.9991583582466069
334_UCR_id_32_HumanActivity_tr_1671_1st_2764.csv,0.49834370613098145,0.047839558908985225,0.6769850326335682,0.04905684640808287,0.6803270995750322,0.11939391435370966,0.27353463587921845,0.11845102505694749,0.19906154123804365,0.7876374197699171
341_UCR_id_39_HumanActivity_tr_48812_1st_128430.csv,226.20071363449097,4.9258657209004484e-05,0.8960301973377585,0.00036131870682983887,0.9231816481731681,9.851147676017648e-05,9.681479330041631e-05,9.68147933004162e-05,0.00013183046602069736,0.6953060171103226
355_UCR_id_53_HumanActivity_tr_48750_1st_143411.csv,226.0300416946411,0.0010483946254278298,0.7711651103129811,0.001417857854084306,0.8030400345130017,0.0029006694634510976,0.005580824287747301,0.00289894815192055,0.0017036125639369089,0.9387717862925933
381_UCR_id_79_HumanActivity_tr_16000_1st_31200.csv,13.177779197692871,0.016287361355196605,0.6927541740027928,0.02075428375816297,0.7247146197484627,0.04073847752807414,0.4269293924466338,0.05174035747883344,0.24328593996840445,0.6667194539215116
401_UCR_id_99_HumanActivity_tr_1671_1st_5920.csv,0.5000729560852051,0.9997175141242935,0.999997441637352,0.9961718819845732,0.9999765796134302,0.9915916390337527,1.0,0.9999999999999996,0.9931740614334471,0.999998732108465
421_UCR_id_119_HumanActivity_tr_48750_1st_130700.csv,225.52160096168518,0.007660197888568938,0.640833710816781,0.008461172021204865,0.655852125436881,0.021389968844976532,0.1692362854069559,0.02109261662976252,0.017064201355918126,0.8205583624094087
430_UCR_id_128_HumanActivity_tr_12500_1st_46500.csv,6.792264461517334,0.013304127642004273,0.7316177062374245,0.014282116270539534,0.7525525240012167,0.03687070126422148,0.12153129430828438,0.03674106732800584,0.058124174372523124,0.6666761590556024
439_UCR_id_137_HumanActivity_tr_48750_1st_110800.csv,225.83409523963928,2.6981814257190653e-05,0.8099426150903338,0.00015222188659750574,0.8092458604372874,5.3961632915295816e-05,5.318866017765012e-05,5.318866017765006e-05,0.0010678056593699946,0.7898037246234177
459_UCR_id_157_HumanActivity_tr_50000_1st_110260.csv,231.90157985687256,0.11360312938106021,0.9949295016844381,0.0817636476803265,0.9943389174632226,0.2550791389216625,0.7543424317617866,0.31192660550458684,0.27699530516431925,0.8723138779142039
473_UCR_id_171_HumanActivity_tr_2617_1st_7290.csv,0.6632347106933594,0.0024676195933234007,0.8663098196648187,0.0048738855693545545,0.8687615362873892,0.008080727600026125,0.008486562942008486,0.007863695937090423,0.03076923076923077,0.6666328767165125
516_UCR_id_214_HumanActivity_tr_2108_1st_4702.csv,0.556344747543335,0.0047985669708014555,0.9279221549780468,0.005031597615508355,0.9283137534116531,0.014770902126348167,0.01675041876046901,0.013908205841446438,0.09770114942528736,0.6666445410408168
530_UCR_id_228_HumanActivity_tr_16250_1st_38500.csv,14.01393985748291,0.03756734566919125,0.8499493560020608,0.04578817531082151,0.8830671942662245,0.1334611542473595,0.2850356294536817,0.13707790036776984,0.21791320406278855,0.7067141696646893
319_UCR_id_17_Environment_tr_6166_1st_19280.csv,1.605961561203003,0.022278972766244395,0.8619034867588851,0.024299405636466643,0.8619955820298879,0.07681155135123688,0.09644364074743822,0.07642393655371298,0.16466862700746435,0.6691523499941455
385_UCR_id_83_Environment_tr_2046_1st_6006.csv,0.5819754600524902,0.5798791024869061,0.995116867420518,0.6412529343949442,0.9969105548464765,0.5749952000400692,1.0,0.9999999999999996,0.5457271364317842,0.9987390768209962
387_UCR_id_85_Environment_tr_2046_1st_5549.csv,0.5571901798248291,0.13068069392567028,0.9684990576860045,0.16937564802340013,0.9757563423763795,0.3068142149273222,0.6,0.36220472440944845,0.34042553191489366,0.8247867010931219
393_UCR_id_91_Environment_tr_2046_1st_4852.csv,0.5600333213806152,0.5291430009360067,0.9903003113733202,0.42798018387095865,0.9914246378920784,0.5249952000438853,1.0,0.9999999999999996,0.6046511627906976,0.9986898383454234
400_UCR_id_98_Environment_tr_2046_1st_5391.csv,0.5823402404785156,0.006493506493506494,0.981302700721007,0.032139078524924605,0.9827770664382399,0.012903097607933444,0.012578616352201259,0.012578616352201243,0.0689655172413793,0.7854490196315433
411_UCR_id_109_Environment_tr_2046_1st_4852.csv,0.5466492176055908,0.49110357019752027,0.9902721443788922,0.4096742937718642,0.9913092439725213,0.4999950413714905,1.0,0.9999999999999996,0.5365853658536586,0.998426883214563
445_UCR_id_143_Environment_tr_6166_1st_19280.csv,1.6309354305267334,0.015544983462925304,0.8106418574284898,0.01593907418912249,0.8107550347015353,0.048697315292585135,0.10289389067524116,0.04800724637681154,0.07778177889809147,0.6678499837855768
463_UCR_id_161_Environment_tr_2046_1st_6006.csv,0.5521440505981445,0.49474123037416795,0.9939799450999672,0.5026854166341141,0.9958860718118241,0.5607427164380905,1.0,0.9999999999999996,0.4921514312096031,0.997506739835044
467_UCR_id_165_Environment_tr_6166_1st_19280.csv,1.5931169986724854,0.0066845346531342106,0.5381572101848451,0.007499948410804403,0.5544573017991389,0.024275287427709843,0.04456824512534819,0.02411999698500035,0.07820944168971193,0.6679432071578586
474_UCR_id_172_Environment_tr_2046_1st_6520.csv,0.5552892684936523,0.16588093188803982,0.9911458333333334,0.231136937969602,0.9932083783739165,0.285709287884177,0.7868852459016393,0.43749999999999967,0.3872340425531915,0.8347889305879189
495_UCR_id_193_Environment_tr_2046_1st_6520.csv,0.5610551834106445,0.16867566637344822,0.9922998366013072,0.24557096909920947,0.9940660994809266,0.29411474051315256,0.7272727272727273,0.38888888888888856,0.4230769230769231,0.8405556159713078
496_UCR_id_194_Environment_tr_2046_1st_5391.csv,0.5789713859558105,0.005434782608695652,0.977636563607479,0.026727768115649902,0.9787437679214832,0.01081070328814027,0.010810810810810811,0.0108108108108108,0.0689655172413793,0.7903025311769805
499_UCR_id_197_Environment_tr_2046_1st_5703.csv,0.5535809993743896,0.08194472868359264,0.9834456699346404,0.10104868746272856,0.9848367236737527,0.1977999082501463,0.39344262295081966,0.20454545454545434,0.3170731707317073,0.782890297579106
504_UCR_id_202_Environment_tr_2046_1st_5549.csv,0.5749866962432861,0.13680442819461525,0.9662098492297607,0.17173416962471444,0.9752285985491295,0.33332898139015227,0.631578947368421,0.38333333333333297,0.2978723404255319,0.8178137936724931
506_UCR_id_204_Environment_tr_2046_1st_5549.csv,0.5566110610961914,0.05793577659873045,0.9340994755817764,0.06794892546770709,0.9449709137462561,0.1570972182098395,0.38866396761133604,0.16888888888888873,0.2028985507246377,0.7387284670198503
313_UCR_id_11_Sensor_tr_2827_1st_4711.csv,0.7294051647186279,0.7988596204538579,0.9987492945438657,0.9384139760083168,0.9996523948776013,0.8596442213268082,1.0,0.9999999999999996,0.8596491228070176,0.9987857320577478
316_UCR_id_14_Sensor_tr_2833_1st_5988.csv,0.7327227592468262,0.9829047269116765,0.9998458700041927,0.984650537462389,0.9999099579105906,0.9207870870773543,1.0,0.9999999999999996,0.9268215197761513,0.9997783342039458
339_UCR_id_37_Sensor_tr_2750_1st_5400.csv,0.6866724491119385,0.6103570472247974,0.9431731481481481,0.5958476047859843,0.963429813831986,0.6307644970769449,1.0,0.9999999999999996,0.6312684365781711,0.9972396743034457
344_UCR_id_42_Sensor_tr_2851_1st_5365.csv,0.7301700115203857,0.009755632087848663,0.9299329880314868,0.01628122571455456,0.931953426341544,0.03440333160945883,0.03575685339690107,0.033076074972436566,0.10891089108910891,0.8377573387834458
364_UCR_id_62_Sensor_tr_2833_1st_5988.csv,0.711705207824707,0.9828132706033232,0.999846787444644,0.984650537462389,0.9999099579105907,0.9215636394925873,1.0,0.9999999999999996,0.9272572954891535,0.9997783342039458
369_UCR_id_67_Sensor_tr_2750_1st_5400.csv,0.6937515735626221,0.6954532794451409,0.9521703703703702,0.6968062273880241,0.9651299187094105,0.6693996770585576,1.0,0.9999999999999996,0.7146529562982006,0.9980231452099011
373_UCR_id_71_Sensor_tr_2827_1st_5988.csv,0.7452282905578613,0.10667371412289979,0.9663456454310797,0.11824393432821576,0.9674296995229056,0.2566816318263802,0.42920353982300885,0.2634730538922153,0.31528384279475985,0.8697338864522487
405_UCR_id_103_Sensor_tr_2827_1st_5988.csv,0.7383122444152832,0.2944223512409174,0.9907831685927021,0.37087085519656576,0.9908478859819012,0.5999957752250606,0.6689655172413793,0.609929078014184,0.6452084857351865,0.9649265077110761
417_UCR_id_115_Sensor_tr_2750_1st_5400.csv,0.6772711277008057,0.6657962873135393,0.9239958333333333,0.6541998842856571,0.9424346040281941,0.630733726196933,1.0,0.9999999999999996,0.7012987012987013,0.998097980097216
426_UCR_id_124_Sensor_tr_2827_1st_4711.csv,0.7227175235748291,0.7755788872861406,0.9985881774654555,0.9309331675819431,0.9996000082255344,0.8484799632971809,1.0,0.9999999999999996,0.8442184058308412,0.9986381995512434
449_UCR_id_147_Sensor_tr_2847_1st_9330.csv,0.7196881771087646,0.9007936507936508,0.9998505888556863,0.7063845589490689,0.9994061110002544,0.8421002770378333,1.0,0.9999999999999996,0.8095238095238095,0.9999560922063662
493_UCR_id_191_Sensor_tr_2847_1st_9330.csv,0.7079250812530518,0.9406417112299464,0.9999208999824222,0.7191795019388391,0.9994319789709579,0.8888839506447186,1.0,0.9999999999999996,0.8636363636363636,0.9999780465851458
526_UCR_id_224_Sensor_tr_2827_1st_4711.csv,0.7211225032806396,0.6843650264701922,0.997658795900162,0.8635952599585345,0.9991038306495803,0.7871438209350617,0.9949238578680203,0.9473684210526311,0.7839999999999999,0.9977667130623558
531_SMAP_id_1_Sensor_tr_1811_1st_4510.csv,0.5525572299957275,0.9798556295826997,0.9997552580734673,0.9930407230982612,0.999950116579674,0.9050229780864887,1.0,0.9999999999999996,0.9136322600060186,0.999753673377717
532_SMAP_id_2_Sensor_tr_2075_1st_5550.csv,0.5947070121765137,0.11769521167552284,0.7409542995003944,0.1364536317429101,0.7667794046703321,0.2382302994559276,0.9152542372881356,0.49372384937238456,0.33390216154721275,0.938474714661738
533_SMAP_id_3_Sensor_tr_2052_1st_5300.csv,0.5710232257843018,0.14890231844730195,0.3587254305753288,0.15014540753455738,0.3675380749267923,0.2404784163853146,1.0,0.9999999999999996,0.3673172152636179,0.9573237941616494
534_SMAP_id_4_Sensor_tr_1968_1st_4370.csv,0.5852742195129395,0.6631666400341547,0.9503024014156346,0.6510980230685537,0.9525362750319147,0.7857095153350855,1.0,0.9999999999999996,0.8356164383561645,0.999596424621087
536_SMAP_id_6_Sensor_tr_2160_1st_5600.csv,0.5846731662750244,0.9990383718615198,0.9999884049770477,0.9991440844772845,0.9999947369805275,0.9805775261825121,1.0,0.9999999999999996,0.9797979797979798,0.9999856754457079
537_SMAP_id_7_Sensor_tr_2077_1st_5394.csv,0.5961940288543701,0.018372461375477225,0.14520051645525184,0.0226396924391757,0.21852181371342932,0.06541666440172135,0.1415973796926178,0.06519967400162992,0.10999534233814627,0.8123736541897768
538_SMAP_id_8_Sensor_tr_2007_1st_3650.csv,0.5389912128448486,0.027473848567391858,0.13073499914420936,0.02565797836927885,0.14232725319658765,0.0859142445271181,0.07846581759625237,0.06499333090820897,0.19587893816547586,0.6674917451683072
539_SMAP_id_9_Sensor_tr_1857_1st_4270.csv,0.5753138065338135,0.006051689827249137,0.34884222701692724,0.010214286841819126,0.48832763404258417,0.018659625911111324,0.03290183387270766,0.01832907075873826,0.05032837434747039,0.7064023919404542
540_SMAP_id_10_Sensor_tr_2051_1st_4575.csv,0.5770149230957031,0.9737270946424946,0.9993510037317286,0.9872263873091469,0.9997763255779558,0.9051045340992658,1.0,0.9999999999999996,0.9029126213592232,0.9994217333836852
541_SMAP_id_11_Sensor_tr_1832_1st_5300.csv,0.5282604694366455,0.7063887684975289,0.8163601186152218,0.7318111413754883,0.8460713972555894,0.7362590025663603,1.0,0.9999999999999996,0.7808901572043657,0.993245252932876
542_SMAP_id_12_Sensor_tr_1908_1st_4690.csv,0.5332083702087402,0.9949535679374386,0.9999787803811893,0.991084058037642,0.999971111022214,0.9687450049085684,1.0,0.9999999999999996,0.9597315436241611,0.9999809795530189
544_SMAP_id_14_Sensor_tr_1978_1st_4450.csv,0.5707721710205078,0.975688212159715,0.9995878231172348,0.9876952257171522,0.9998715060160915,0.9170682051428892,1.0,0.9999999999999996,0.930635838150289,0.9998155510923469
545_SMAP_id_15_Sensor_tr_1173_1st_2750.csv,0.42171573638916016,0.04206705439707932,0.8783021179173953,0.05757134362744075,0.8852456099650282,0.1442702313822944,0.16748768472906403,0.14406779661016933,0.30630630630630623,0.8476210280590374
546_SMAP_id_16_Sensor_tr_2117_1st_4770.csv,0.5906233787536621,0.8399439355040942,0.9951242837399565,0.9040759729228037,0.9977617841704735,0.7725271963335408,1.0,0.9999999999999996,0.8014897993218077,0.9985751853578301
547_SMAP_id_17_Sensor_tr_2133_1st_5400.csv,0.5684783458709717,0.5565796934533535,0.8286841067544605,0.5540290455862942,0.830104707343192,0.5717166941593342,1.0,0.9999999999999996,0.6705078958600085,0.9928586938439244
548_SMAP_id_18_Sensor_tr_2094_1st_5600.csv,0.584496021270752,0.9751666701511246,0.9998683190191231,0.9853551969251095,0.9999414458893272,0.9010939500332416,1.0,0.9999999999999996,0.9037433155080214,0.9998820533206353
549_SMAP_id_19_Sensor_tr_1998_1st_2098.csv,0.5869541168212891,0.957927025832265,0.9990981950954243,0.9863626958425928,0.9997829057874297,0.8974309133741626,1.0,0.9999999999999996,0.8960857987049916,0.9983521869559152
550_SWaT_id_1_Sensor_tr_43700_1st_43800.csv,492.564683675766,0.07571088314275402,0.15169649532842464,0.07593491179322959,0.1496493874358553,0.21528075617589118,0.5584543455318346,0.2152793420745052,0.3046455919474499,0.6903935834150143
551_YAHOO_id_1_Synthetic_tr_500_1st_893.csv,0.2934279441833496,1.0,1.0,1.0,1.0,0.9999950000249999,0.5,0.4999999999999996,0.5,0.9995306266134705
552_YAHOO_id_2_Synthetic_tr_500_1st_893.csv,0.3063490390777588,1.0,1.0,1.0,1.0,0.9999950000249999,0.4,0.39999999999999963,0.4,0.9992957746478868
555_YAHOO_id_5_WebService_tr_500_1st_730.csv,0.3012380599975586,0.6178160919540229,0.9953758949880669,0.7977087389943732,0.9976989495339512,0.6666622222518517,0.6666666666666666,0.6666666666666662,0.6666666666666666,0.9846746881124424
558_YAHOO_id_8_WebService_tr_500_1st_1125.csv,0.29499077796936035,0.2245407616035529,0.7796399406087602,0.16022226083565827,0.691901957331325,0.24137434281593328,0.9937106918238994,0.6666666666666662,0.2821609016712009,0.6860087944297043
562_YAHOO_id_12_Synthetic_tr_500_1st_893.csv,0.30718064308166504,1.0,1.0,1.0,1.0,0.9999950000249999,0.2222222222222222,0.22222222222222202,0.2222222222222222,0.9980609906574999
570_YAHOO_id_20_Synthetic_tr_500_1st_658.csv,0.2988548278808594,0.6515151515151515,0.9971771347918137,0.965507969906111,0.9998314994322961,0.6666622222518517,0.5,0.49999999999999944,0.5,0.9975340019944314
571_YAHOO_id_21_Synthetic_tr_500_1st_623.csv,0.2891857624053955,0.01742631137695276,0.8075228202706956,0.05142398513615926,0.8444844475875368,0.04195686247141863,0.04225352112676056,0.04166666666666655,0.13333333333333333,0.7464484049782366
579_YAHOO_id_29_WebService_tr_500_1st_1342.csv,0.3073394298553467,1.0,1.0,1.0,1.0,0.9999950000249999,1.0,0.9999999999999996,1.0,0.9999999999999996
603_YAHOO_id_53_Synthetic_tr_500_1st_893.csv,0.3065316677093506,0.007751937984496124,0.9098591549295775,0.2750306457237183,0.9702239890146537,0.015384462723408359,0.015037593984962405,0.01503759398496239,0.013422818791946308,0.9454388123073871
644_YAHOO_id_94_WebService_tr_500_1st_1078.csv,0.29667019844055176,0.08137731258644895,0.665843137254902,0.10904514198329428,0.6989569655213637,0.18092742975929701,0.42857142857142855,0.24096385542168636,0.27640536625492135,0.8808210567762443
645_YAHOO_id_95_WebService_tr_500_1st_1047.csv,0.3006401062011719,1.0,1.0,1.0,1.0,0.9999950000249999,1.0,0.9999999999999996,1.0,0.9999999999999996
649_YAHOO_id_99_WebService_tr_500_1st_1386.csv,0.30248093605041504,1.0,1.0,1.0,1.0,0.9999950000249999,0.5,0.4999999999999996,0.5,0.9996030170702654
657_YAHOO_id_107_WebService_tr_500_1st_1260.csv,0.29490208625793457,0.0027472527472527475,0.7477414871438499,0.008297679412368546,0.8282493778626374,0.0054793974109408885,0.005479452054794521,0.005479452054794515,0.00554016620498615,0.8245666256977513
658_YAHOO_id_108_Synthetic_tr_500_1st_893.csv,0.2952311038970947,1.0,1.0,1.0,1.0,0.9999950000249999,0.5,0.4999999999999996,0.5,0.9995306266134705
672_YAHOO_id_122_WebService_tr_500_1st_857.csv,0.30760860443115234,1.0,1.0,1.0,1.0,0.9999950000249999,1.0,0.9999999999999996,1.0,0.9999999999999996
680_YAHOO_id_130_Synthetic_tr_500_1st_893.csv,0.31159138679504395,1.0,1.0,1.0,1.0,0.9999950000249999,0.5,0.4999999999999996,0.5,0.9995306266134705
689_YAHOO_id_139_WebService_tr_500_1st_1073.csv,0.30434536933898926,1.0,1.0,1.0,1.0,0.9999950000249999,1.0,0.9999999999999996,1.0,0.9999999999999996
693_YAHOO_id_143_WebService_tr_500_1st_1003.csv,0.30075860023498535,0.5142857142857142,0.976140350877193,0.5063404184042473,0.9774859059659736,0.6666622222518517,0.6666666666666666,0.6666666666666662,0.6666666666666666,0.9172939859067769
701_YAHOO_id_151_Synthetic_tr_500_1st_893.csv,0.2952761650085449,1.0,1.0,1.0,1.0,0.9999950000249999,0.4,0.39999999999999963,0.4,0.9992957746478869
723_YAHOO_id_173_WebService_tr_500_1st_1214.csv,0.29767346382141113,0.001842638236080859,0.43053596614950634,0.002755396778495945,0.48741154344378457,0.00483671112108011,0.004629629629629629,0.004629629629629624,0.15384615384615385,0.7020268739163958
724_YAHOO_id_174_WebService_tr_500_1st_1030.csv,0.31442999839782715,0.2592974565756824,0.9794626865671643,0.521123728561594,0.9877570119925774,0.3333305555787035,0.3333333333333333,0.33333333333333304,0.47927199191102127,0.9734171389547404
734_YAHOO_id_184_WebService_tr_500_1st_768.csv,0.295151948928833,0.10391510393791586,0.269145698313331,0.11234062781059612,0.2868013071351784,0.277334202558182,0.41739130434782606,0.27515151515151487,0.5180001789775616,0.7116141050369637
741_YAHOO_id_191_WebService_tr_500_1st_1114.csv,0.3052852153778076,0.5714285714285714,0.9964243146603099,0.7889204067075971,0.9989302785298022,0.6666622222518517,0.6666666666666666,0.6666666666666662,0.7000000000000001,0.9966055120019391
755_YAHOO_id_205_Synthetic_tr_500_1st_893.csv,0.3125600814819336,0.0019801980198019802,0.6450704225352113,0.00386682526054516,0.7533997181980926,0.003952529722776482,0.003929273084479371,0.003929273084479367,0.0031999999999999997,0.8852114937307629
762_YAHOO_id_212_WebService_tr_500_1st_1055.csv,0.31237077713012695,0.6666666666666666,0.99880810488677,0.8818222759859512,0.9997533583710849,0.6666622222518517,0.6666666666666666,0.6666666666666662,0.7499999999999999,0.9995079547318347
780_YAHOO_id_230_Synthetic_tr_500_1st_893.csv,0.30168676376342773,1.0,1.0,1.0,1.0,0.9999950000249999,0.3333333333333333,0.33333333333333304,0.33333333333333337,0.9991548105366949
788_YAHOO_id_238_WebService_tr_500_1st_973.csv,0.30120134353637695,1.0,1.0,1.0,1.0,0.9999950000249999,1.0,0.9999999999999996,1.0,0.9999999999999996
797_YAHOO_id_247_Synthetic_tr_500_1st_893.csv,0.2934098243713379,0.00425531914893617,0.8352112676056338,0.015038589334346897,0.8848769908588708,0.008474491885356226,0.007246376811594203,0.007246376811594194,0.011049723756906079,0.9054519599461655
806_YAHOO_id_256_Synthetic_tr_500_1st_893.csv,0.29727888107299805,1.0,1.0,1.0,1.0,0.9999950000249999,0.4,0.39999999999999963,0.4,0.9992957746478869
807_YAHOO_id_257_WebService_tr_500_1st_1210.csv,0.2983410358428955,0.14034139350072738,0.8776704711735441,0.35723756991080874,0.9355499690841471,0.1999974500325121,0.21052631578947367,0.4999999999999996,0.4444444444444444,0.6983581247881443
810_Exathlon_id_1_Facility_tr_10766_1st_12590.csv,4.6692540645599365,0.9040758561159689,0.98187310020521,0.9080417121005802,0.9826746259088189,0.9486603020289772,0.9991730221446292,0.9654061022776101,0.382626933378119,0.9879916968218118
811_Exathlon_id_2_Facility_tr_10766_1st_12590.csv,4.701263427734375,0.7713286046199228,0.9759994083353692,0.7726322162076372,0.9767020418668809,0.85099091913779,0.9994485294117647,0.9249999999999994,0.3295348518773016,0.9599574242280432
812_Exathlon_id_3_Facility_tr_10766_1st_12590.csv,4.661517858505249,0.9669337672831692,0.9965745400044312,0.9670120465569144,0.9967727046426631,0.9527847034384982,1.0,0.9999999999999996,0.6328046312584794,0.9852734209970697
814_Exathlon_id_5_Facility_tr_10766_1st_12590.csv,4.562961101531982,0.7713286046199228,0.9759994083353692,0.7726322162076372,0.9767020418668809,0.85099091913779,0.9994485294117647,0.9249999999999994,0.3295348518773016,0.9599574242280432
815_Exathlon_id_6_Facility_tr_10766_1st_12590.csv,4.703917503356934,0.9669337672831692,0.9965745400044312,0.9670120465569144,0.9967727046426631,0.9527847034384982,1.0,0.9999999999999996,0.6328046312584794,0.9852734209970697
816_Exathlon_id_7_Facility_tr_10766_1st_12590.csv,4.652920961380005,0.1242442385798881,0.5036027105931611,0.12412343863444165,0.504086090561153,0.23357330409547164,0.9949675176136884,0.455445544554455,0.21958557550644014,0.7627551012318903
817_Exathlon_id_8_Facility_tr_10766_1st_12590.csv,4.98511266708374,0.6764824500123383,0.9465525722896964,0.6814541871192206,0.9470494556437007,0.6831582937229829,0.9890849554302347,0.9004837595024182,0.3198723894099798,0.9531877706557383
818_Exathlon_id_9_Facility_tr_11665_1st_13484.csv,5.838574171066284,0.25276505166121677,0.39953609016468417,0.18041310627149376,0.34502623420253775,0.30838156690063007,0.7878286069136825,0.7999999999999995,0.43122676488844863,0.7955760637573887
819_Exathlon_id_10_Facility_tr_10766_1st_12590.csv,4.7703118324279785,0.5483382466059856,0.9189534027102246,0.5522183323648638,0.9222670289134814,0.5936686336503284,0.9533578818165878,0.8007020280811228,0.3638266544907092,0.96524488064395
820_Exathlon_id_11_Facility_tr_11665_1st_13484.csv,5.815415859222412,0.14208988993856303,0.8141644709154967,0.14561982408834034,0.815072950494939,0.33732590297759124,0.5814138204924544,0.3438259840967336,0.18018470337589515,0.7379353930812101
821_Exathlon_id_12_Facility_tr_6985_1st_7085.csv,5.624691009521484,0.20507514259211543,0.7096717086577682,0.2065894385509493,0.7113088358030473,0.3238466979992632,0.9446551891839315,0.4268695277737904,0.23593989748926933,0.7520651913619083
822_Exathlon_id_13_Facility_tr_10766_1st_12590.csv,4.678802967071533,0.6764824500123383,0.9465525722896964,0.6814541871192206,0.9470494556437007,0.6831582937229829,0.9890849554302347,0.9004837595024182,0.3198723894099798,0.9531877706557383
823_Exathlon_id_14_Facility_tr_10766_1st_12590.csv,4.79448938369751,0.9462471933733114,0.9670501972998305,0.9465145784023152,0.9710389720096477,0.8980794343494946,1.0,0.9999999999999996,0.5545337636392451,0.9989715831500091
824_Exathlon_id_15_Facility_tr_10766_1st_12590.csv,4.617695331573486,0.3865024724041819,0.8947848351459465,0.394588695399847,0.8953397085001786,0.678019286077386,0.8082955474615328,0.7241075010028073,0.595442284054011,0.8681865654504123
826_Exathlon_id_17_Facility_tr_11665_1st_13484.csv,5.833362102508545,0.14208988993856303,0.8141644709154967,0.14561982408834034,0.815072950494939,0.33732590297759124,0.5814138204924544,0.3438259840967336,0.18018470337589515,0.7379353930812101
827_Exathlon_id_18_Facility_tr_10766_1st_12590.csv,4.660690069198608,0.3865024724041819,0.8947848351459465,0.394588695399847,0.8953397085001786,0.678019286077386,0.8082955474615328,0.7241075010028073,0.595442284054011,0.8681865654504123
828_Exathlon_id_19_Facility_tr_11663_1st_13482.csv,5.657756090164185,0.4613165971637503,0.938378271628026,0.47428469086788494,0.9398618538449484,0.6618697023765224,0.9040171726464274,0.7492200623950079,0.3144466436961317,0.9054260343096586
829_Exathlon_id_20_Facility_tr_10766_1st_12590.csv,4.680552244186401,0.1242442385798881,0.5036027105931611,0.12412343863444165,0.504086090561153,0.23357330409547164,0.9949675176136884,0.455445544554455,0.21958557550644014,0.7627551012318903
830_Exathlon_id_21_Facility_tr_10766_1st_12590.csv,4.629410266876221,0.24676238615101037,0.8014654980772097,0.2525688204797434,0.8012025847780604,0.558794251820559,0.610144764897318,0.4715896999361562,0.307144364785741,0.8906022092261588
831_Exathlon_id_22_Facility_tr_11665_1st_13484.csv,5.7453391551971436,0.14208988993856303,0.8141644709154967,0.14561982408834034,0.815072950494939,0.33732590297759124,0.5814138204924544,0.3438259840967336,0.18018470337589515,0.7379353930812101
832_Exathlon_id_23_Facility_tr_10766_1st_12590.csv,4.633869886398315,0.1242442385798881,0.5036027105931611,0.12412343863444165,0.504086090561153,0.23357330409547164,0.9949675176136884,0.455445544554455,0.21958557550644014,0.7627551012318903
833_Exathlon_id_24_Facility_tr_10766_1st_12590.csv,4.807305335998535,0.9669337672831692,0.9965745400044312,0.9670120465569144,0.9967727046426631,0.9527847034384982,1.0,0.9999999999999996,0.6328046312584794,0.9852734209970697
834_Exathlon_id_25_Facility_tr_11665_1st_13484.csv,5.74526572227478,0.14208988993856303,0.8141644709154967,0.14561982408834034,0.815072950494939,0.33732590297759124,0.5814138204924544,0.3438259840967336,0.18018470337589515,0.7379353930812101
835_Exathlon_id_26_Facility_tr_10766_1st_12590.csv,4.6410017013549805,0.8487883960287156,0.9690374265857556,0.8526586704934038,0.970254238078991,0.8076109555912963,0.9988059153118398,0.9643934821967405,0.350124703269883,0.9839089795158887
836_Exathlon_id_27_Facility_tr_10766_1st_12590.csv,4.750859022140503,0.9669337672831692,0.9965745400044312,0.9670120465569144,0.9967727046426631,0.9527847034384982,1.0,0.9999999999999996,0.6328046312584794,0.9852734209970697
837_Exathlon_id_28_Facility_tr_8898_1st_8998.csv,5.9640069007873535,0.042931045517118224,0.0011904293299745202,0.04787649819047364,0.02731951533716887,0.15397258011894055,0.1559612802372888,0.15394052118166152,0.583957186515979,0.6699864014044329
838_Exathlon_id_29_Facility_tr_10766_1st_12590.csv,4.728642702102661,0.6764824500123383,0.9465525722896964,0.6814541871192206,0.9470494556437007,0.6831582937229829,0.9890849554302347,0.9004837595024182,0.3198723894099798,0.9531877706557383
839_Exathlon_id_30_Facility_tr_10766_1st_12590.csv,4.627449035644531,0.1242442385798881,0.5036027105931611,0.12412343863444165,0.504086090561153,0.23357330409547164,0.9949675176136884,0.455445544554455,0.21958557550644014,0.7627551012318903
840_Exathlon_id_31_Facility_tr_10766_1st_12590.csv,4.724424123764038,0.3865024724041819,0.8947848351459465,0.394588695399847,0.8953397085001786,0.678019286077386,0.8082955474615328,0.7241075010028073,0.595442284054011,0.8681865654504123
841_Exathlon_id_32_Facility_tr_11663_1st_13482.csv,5.6837522983551025,0.4207118734453802,0.6848438421772417,0.4122460381829543,0.6914345976548287,0.4706328637837701,0.9940988029000168,0.9566539923954368,0.449550333386754,0.9500771077649924
842_OPPORTUNITY_id_1_HumanActivity_tr_7295_1st_27516.csv,2.023921489715576,0.13325384676516902,0.8877567439261601,0.1378083223839667,0.8941093201962108,0.27873409535755966,0.9230769230769231,0.4121621621621618,0.24538545059717695,0.8271541420655294
843_OPPORTUNITY_id_2_HumanActivity_tr_808_1st_908.csv,0.6009993553161621,0.3068417454035047,0.7757752300327583,0.3145103466996375,0.7765894144494091,0.5765933445738687,0.784610099622123,0.6948905109489046,0.26337638376383765,0.8210198844176004
844_OPPORTUNITY_id_3_HumanActivity_tr_500_1st_566.csv,0.9441821575164795,0.05886075688456361,0.44311397737766284,0.062229618675516137,0.4490699961208411,0.14336324032880793,0.47990074441687347,0.1613126877744394,0.18009936333527246,0.7111798893451997
845_OPPORTUNITY_id_4_HumanActivity_tr_7295_1st_27516.csv,2.0054585933685303,0.106375767274568,0.8942885110637778,0.08598320411496013,0.8954067566602991,0.14590151348271752,0.9939759036144579,0.7857142857142853,0.326007326007326,0.9946034465654539
846_OPPORTUNITY_id_5_HumanActivity_tr_2085_1st_2185.csv,1.3540866374969482,0.27981685312889626,0.8561323830029428,0.2819782258249104,0.8590592252688622,0.37025325774327666,0.9819927971188476,0.6893939393939389,0.4083111405853699,0.9051086002349428
847_OPPORTUNITY_id_6_HumanActivity_tr_808_1st_908.csv,0.6003403663635254,0.23859086192498313,0.763162675228152,0.2390406406067839,0.7632626790767782,0.4284292714111667,0.995640802092415,0.455080213903743,0.2545410231338152,0.696148633787117
848_OPPORTUNITY_id_7_HumanActivity_tr_1477_1st_1577.csv,1.0709846019744873,0.015515426490804653,0.3362016417366971,0.015742406671530946,0.2991910070986183,0.043085205673751896,0.22661985317586977,0.04302944691948273,0.24548939567599656,0.6669531182421956
849_OPPORTUNITY_id_8_HumanActivity_tr_1100_1st_1200.csv,1.5629653930664062,0.07963989739743034,0.8103099073247276,0.08070542451092663,0.813814915129348,0.1823181919174258,0.7524752475247525,0.19470827679782884,0.1760307312358248,0.8394163396200566
850_OPPORTUNITY_id_9_HumanActivity_tr_895_1st_995.csv,0.9020047187805176,0.02465202143684677,0.4523701510936029,0.02493855701670644,0.4541123703053151,0.06401063133135518,0.18531838375290882,0.06390056022408956,0.13640486123707599,0.7310224915710537
851_OPPORTUNITY_id_10_HumanActivity_tr_6213_1st_7311.csv,1.6211423873901367,0.7315943789338075,0.9169105944556243,0.72607114809304,0.9248346437561745,0.7551701748151859,1.0,0.9999999999999996,0.8113413304252999,0.9984559238589752
853_OPPORTUNITY_id_12_HumanActivity_tr_808_1st_908.csv,0.6079339981079102,0.7405397823337166,0.9525083168029845,0.7412558137194346,0.9540929833819376,0.7243193941511172,1.0,0.9999999999999996,0.3425941283794991,0.9865482974719735
854_OPPORTUNITY_id_13_HumanActivity_tr_1477_1st_1577.csv,1.0848116874694824,0.15888500063199523,0.8869829432560061,0.12170605046624028,0.8301892374558536,0.2632685693722712,0.9137709137709138,0.461538461538461,0.20260557053009887,0.7282630007860619
855_OPPORTUNITY_id_14_HumanActivity_tr_808_1st_908.csv,0.6051156520843506,0.38450601668581097,0.8288278590496885,0.3867254725742465,0.8311383671218757,0.5251751764715755,0.9904596704249783,0.6789667896678961,0.3245439689059671,0.7987858355249224
856_OPPORTUNITY_id_15_HumanActivity_tr_808_1st_908.csv,0.5927557945251465,0.5629776643470196,0.9222873725097992,0.567246937550879,0.9233758269429155,0.6709629064312207,0.9921807124239791,0.8361581920903949,0.33656638042873915,0.8719800299387128
857_OPPORTUNITY_id_16_HumanActivity_tr_500_1st_566.csv,0.9883460998535156,0.40040192010146197,0.667518369012775,0.3884915324510048,0.6791750416386194,0.44086336415805505,0.995880535530381,0.975155279503105,0.5418665420646186,0.9691967208358502
858_OPPORTUNITY_id_17_HumanActivity_tr_808_1st_908.csv,0.5962560176849365,0.8868219497995886,0.945114521298428,0.8854925969143072,0.9464572805204158,0.8761396290667154,1.0,0.9999999999999996,0.4415550643609414,0.9950974648471901
859_OPPORTUNITY_id_18_HumanActivity_tr_895_1st_995.csv,0.8950977325439453,0.05091098494873623,0.6691571381765851,0.05143722442043229,0.6703319579158565,0.12890715972941205,0.6833073322932918,0.16147082334132676,0.1605963069625614,0.667050101369768
860_OPPORTUNITY_id_19_HumanActivity_tr_808_1st_908.csv,0.6158466339111328,0.7847440387752708,0.9654963585291623,0.7820069916471275,0.9676158719445224,0.7826710156311693,1.0,0.9999999999999996,0.42996987951807236,0.992886222079909
861_OPPORTUNITY_id_20_HumanActivity_tr_2085_1st_2185.csv,1.352715253829956,0.08572952590653878,0.7690316951671232,0.08753713227729293,0.7707140000106922,0.16666441798075637,0.7624309392265194,0.1830808080808079,0.14291369012454333,0.7773528670110315
862_OPPORTUNITY_id_21_HumanActivity_tr_500_1st_566.csv,0.9555699825286865,0.6550698201343573,0.9037260651478358,0.6502658503396098,0.9157000234257958,0.6487406088784339,1.0,0.9999999999999996,0.5211652372419027,0.9876247747678951
863_OPPORTUNITY_id_22_HumanActivity_tr_808_1st_908.csv,0.5927183628082275,0.262437570098928,0.7742928643102668,0.2691478349834313,0.7751081053082024,0.549791189029581,0.7008284749923289,0.5999314364072673,0.24299159494690223,0.7375644642475802
865_OPPORTUNITY_id_24_HumanActivity_tr_2085_1st_2185.csv,1.354055643081665,0.11988991073474527,0.8230013460243327,0.12223504580675486,0.8265630964976954,0.23667800364046837,0.7577791336180598,0.26741230299949137,0.21499367121934404,0.7761985861780826
866_OPPORTUNITY_id_25_HumanActivity_tr_6213_1st_7311.csv,1.5932238101959229,0.49626393734319174,0.9036488262389912,0.4849739711571986,0.9140668150046091,0.4670102093268307,1.0,0.9999999999999996,0.5980707395498392,0.9953545167382426
867_OPPORTUNITY_id_26_HumanActivity_tr_808_1st_908.csv,0.622300386428833,0.5276911126889848,0.7850835220540484,0.5273641966657026,0.7927937765212181,0.6259758196641552,1.0,0.9999999999999996,0.4540065021992733,0.9705169708630479
868_OPPORTUNITY_id_27_HumanActivity_tr_2085_1st_2185.csv,1.3522164821624756,0.10539610480261805,0.7546889526265319,0.10727049286686885,0.7570153240127432,0.1983005554180179,0.8734650293646556,0.30309988518943715,0.23926625241789223,0.8321482171361898
869_OPPORTUNITY_id_28_HumanActivity_tr_500_1st_566.csv,1.0011725425720215,0.48235355134496055,0.757287364409132,0.47849717330168123,0.7667991748547578,0.49099913771403686,1.0,0.9999999999999996,0.5742986829377186,0.9911926013271131
870_OPPORTUNITY_id_29_HumanActivity_tr_1477_1st_1577.csv,1.121244192123413,0.20745704206019783,0.7947928045714022,0.12109991478724447,0.44148241200314137,0.4640473818281019,0.8323563892145369,0.44662309368191677,0.2561991383437051,0.688689984501596
