file,Time,AUC-PR,AUC-ROC,VUS-PR,VUS-ROC,Standard-F1,PA-F1,Event-based-F1,R-based-F1,Affiliation-F
001_Genesis_id_1_Sensor_tr_4055_1st_15538.csv,53.84745597839356,0.002595439374736,0.4302028447742733,0.0059091312739413,0.549986727394557,0.0087373529382815,0.010779249943858,0.0086336005638269,0.0075049956457711,0.7142908149726445
002_MSL_id_1_Sensor_tr_500_1st_900.csv,5.586760997772217,0.0060207991242474,0.5,0.0351555554994579,0.5074757190717734,0.0119694131223189,0.0,0.0,0.0,nan
003_MSL_id_2_Sensor_tr_883_1st_1238.csv,11.52108097076416,0.0644978783592645,0.5,0.07389809997942541,0.5025295792553888,0.12117877128100857,0.0,0.0,0.0,nan
005_MSL_id_4_Sensor_tr_855_1st_2700.csv,10.320425271987917,0.0207481005260081,0.5,0.0492746710297101,0.5074281575184003,0.0406523357792927,0.0,0.0,0.0,nan
006_MSL_id_5_Sensor_tr_1150_1st_1250.csv,14.59677529335022,0.08369608231104075,0.5,0.08564481578922124,0.5005325471604815,0.1544626973626575,0.0,0.0,0.0,nan
007_MSL_id_6_Sensor_tr_980_1st_3550.csv,12.862147331237791,0.0385007649158592,0.5,0.0669067471621812,0.5075353597489559,0.0741461065528359,0.0,0.0,0.0,nan
008_MSL_id_7_Sensor_tr_656_1st_1630.csv,9.25669550895691,0.064674152097198,0.3599357784751043,0.1124872638789086,0.5030772304447211,0.1788143201805158,0.249718785151856,0.1786720321931587,0.1703071071419781,0.6776801373163044
009_MSL_id_8_Sensor_tr_714_1st_1390.csv,8.65024209022522,0.0073529411764705,0.5,0.0259906162106126,0.504754131548878,0.0145983952276094,0.0,0.0,0.0,nan
010_MSL_id_9_Sensor_tr_554_1st_1172.csv,6.581954717636108,0.0311231393775372,0.5,0.0444450307737795,0.5034698753876434,0.060366868620526,0.0,0.0,0.0,nan
012_MSL_id_11_Sensor_tr_539_1st_940.csv,73.2107355594635,0.1479202008906233,0.7659560116595601,0.3607396981561831,0.9253243578147404,0.3939351462349663,0.5626740947075209,0.4406779661016945,0.1202987639632494,0.9323935617955684
013_MSL_id_12_Sensor_tr_554_1st_1200.csv,6.695124626159668,0.011722272317403,0.5,0.0357210098726374,0.506171973227622,0.023172676483973,0.0,0.0,0.0,nan
014_MSL_id_13_Sensor_tr_1525_1st_4575.csv,20.332411527633667,0.0349016583108368,0.5772089880047305,0.0451656768024507,0.5798202137881547,0.067448575017123,0.0638560592697124,0.0638560592697124,0.0559851531085678,0.6809369253954238
015_MSL_id_14_Sensor_tr_575_1st_1250.csv,6.741028070449829,0.13069908814589665,0.5,0.1332398016290921,0.5007322251474161,0.2311807511164753,0.0,0.0,0.0,nan
016_MSL_id_15_Sensor_tr_500_1st_780.csv,3.0492167472839355,0.24608225652997473,0.8239782955865272,0.2593284296203838,0.831857380043493,0.39050769676106,0.21052631578947367,0.21052631578947348,0.07124681933842239,0.7069217607601674
017_MSL_id_16_Sensor_tr_512_1st_1850.csv,6.287235736846924,0.0883357735480722,0.5,0.1081653449251477,0.5055120885158731,0.1623303470184706,0.0,0.0,0.0,nan
018_Daphnet_id_1_HumanActivity_tr_9693_1st_20732.csv,117.32523488998413,0.03304214673336558,0.10484366719207117,0.03747839621416204,0.09460742433919125,0.11577671748944682,0.12308184996397215,0.11576695608405675,0.6377775753885095,0.8725444296427667
019_MITDB_id_1_Medical_tr_37500_1st_103211.csv,436.0720272064209,0.1152183168051541,0.4915579731764023,0.1161735825499703,0.4934365454946898,0.2329373243324357,0.9473389498332868,0.232440178039285,0.1675068303648813,0.6830508651677716
020_MITDB_id_2_Medical_tr_50000_1st_52315.csv,3678.265635251999,0.0036800765212986,0.7192320014592427,0.0041901371626912,0.7449169029335958,0.0120625853442801,0.1104319478402608,0.0120895236880698,0.0208118186311256,0.8326726662438299
021_MITDB_id_3_Medical_tr_50000_1st_57595.csv,2259.211113214493,0.7615654826141902,0.9969327701662892,0.8699329071879678,0.9982779700104392,0.79892538097511,0.8841787313821476,0.8539680285254021,0.7906533010809915,0.9811714208068972
022_MITDB_id_4_Medical_tr_50000_1st_54253.csv,864.0656132698059,0.1008537387306633,0.6316406379053356,0.0937435855338308,0.6508553264744011,0.1723430643596201,0.6033953773777869,0.2822331770269723,0.1591431900646352,0.8132864451410867
024_MITDB_id_6_Medical_tr_50000_1st_58118.csv,552.3880834579468,0.5994499892229449,0.9910898259507352,0.196745011384208,0.9916057689933848,0.6852841358417141,1.0,0.9999999999999996,0.7614035087719299,0.999863635798274
025_MITDB_id_7_Medical_tr_37500_1st_88864.csv,418.1493735313415,0.9938839532821814,0.9998361133480476,0.996560978925544,0.9999473021626176,0.9617525265000496,1.0,0.9999999999999996,0.971321778584482,0.9986009054310756
026_MITDB_id_8_Medical_tr_30495_1st_30595.csv,1512.0949726104736,0.10134501146021653,0.47870709833079056,0.09914711463777935,0.47974854865952193,0.17934923848816997,0.7576286261631089,0.4084323761603188,0.2056764753274813,0.7861087450896111
027_MITDB_id_9_Medical_tr_25000_1st_52255.csv,274.78728342056274,0.0059864773846398,0.6253670077347153,0.0063550659998253,0.655355872346091,0.0168498245573137,0.0812458954873815,0.016702846116739,0.0312310739364575,0.8118846341538513
029_MITDB_id_11_Medical_tr_50000_1st_518037.csv,3147.4867861270905,0.003558158302832495,0.52852267781028,0.0036240804865911086,0.5377257831753739,0.014066225721290519,0.1848341232227488,0.01564953557075557,0.026730471027926445,0.6952531873564125
030_MITDB_id_12_Medical_tr_50000_1st_84572.csv,3407.987937927246,0.8673589539952727,0.9932511663078027,0.8757837791283848,0.9945687161462848,0.7647051421624258,0.8992284909868734,0.8668378705862079,0.7647013055775135,0.9673008640944802
031_MITDB_id_13_Medical_tr_50000_1st_79433.csv,1853.0195152759552,0.628383739187471,0.9923176802558415,0.7772870363581362,0.9957453240309984,0.679963245576597,0.8092618878637331,0.751216545012165,0.6256266126481482,0.9648806196443211
032_GHL_id_1_Sensor_tr_50000_1st_65001.csv,2191.1158287525177,0.2417344723526732,0.9063563891419416,0.2643035240017101,0.9134962628012596,0.4480420127703812,0.504774897680764,0.4494995450409459,0.2530754228146131,0.9588585176280504
033_GHL_id_2_Sensor_tr_50000_1st_51001.csv,2182.926533937454,0.011133852211709,0.4714284065530696,0.0112370137188379,0.4718301936269368,0.0285337871337574,0.0479466279009397,0.0284462408505001,0.0204940538276302,0.6668543196448495
034_GHL_id_3_Sensor_tr_50000_1st_122001.csv,2200.2701539993286,0.0448233554800291,0.8101416450356101,0.0456465292643995,0.798863706973066,0.096687344448759,0.1124359162150285,0.0930399640772338,0.0386609413149696,0.6684974788502482
035_GHL_id_4_Sensor_tr_50000_1st_90001.csv,2193.622474193573,0.0206357279141361,0.6785277548967613,0.023418936256545,0.6551701111437986,0.0588805110508786,0.0707939200208754,0.0588336350781672,0.0330380517525948,0.8036229326823885
036_GHL_id_5_Sensor_tr_50000_1st_67147.csv,2194.3711211681366,0.0293405935569437,0.7736616183558476,0.0327854341639835,0.7736775048697191,0.0810352124364355,0.1406524350799371,0.0826295611142389,0.043685594267298,0.6663825952039327
037_GHL_id_6_Sensor_tr_50000_1st_80001.csv,2192.9657056331635,0.0183833735228471,0.7092465726284528,0.0196623103163329,0.6614601515802416,0.0457068582291759,0.1003085816960275,0.0448511756444524,0.0292035398230088,0.6667292417385084
038_GHL_id_7_Sensor_tr_50000_1st_100001.csv,2195.2323594093323,0.0263465244636778,0.7599454786168641,0.0267100216713667,0.7398318938816919,0.055837527395737,0.0653347732181425,0.0557175251052801,0.0242881561046149,0.6667102670262947
039_GHL_id_8_Sensor_tr_50000_1st_63030.csv,2190.0681703090668,0.1360360445211968,0.8891560530524377,0.1359755660538149,0.8902468993209707,0.2766888335535131,0.3372798151891423,0.2861586314152408,0.1041416050867846,0.8269020516084014
041_GHL_id_10_Sensor_tr_50000_1st_57001.csv,2196.341740608216,0.0383234736059871,0.7803968638333959,0.0399755822860218,0.7841490215383669,0.079782793116002,0.090949205726613,0.0798054494019553,0.0220105019173989,0.6797419195181448
042_GHL_id_11_Sensor_tr_50000_1st_150001.csv,2185.875456571579,0.018261586432104,0.740312394815278,0.020110915570404,0.7456083654833519,0.0532120119500918,0.0758492896849907,0.0532726377952755,0.0214611516608221,0.6906106983922606
043_GHL_id_12_Sensor_tr_39938_1st_40038.csv,2185.291333913803,0.0170463531800596,0.7841640066103466,0.0174133594356884,0.7840887016494082,0.0465779072872259,0.0656321228963062,0.0466653257090313,0.0394650224270252,0.6666770451117666
044_GHL_id_13_Sensor_tr_50000_1st_145001.csv,2207.108787536621,0.0256738455206759,0.6920120523698465,0.0262390919768494,0.6972930676224035,0.0534886513335258,0.0655104607698985,0.0531313385148354,0.0239470034044652,0.6669499346330932
045_GHL_id_14_Sensor_tr_50000_1st_85076.csv,2195.4823677539825,0.0086171228318288,0.4938919858591561,0.0092406903908129,0.4914730913240752,0.0256335685474634,0.039179978843347,0.0255765315053852,0.017545119440854,0.6669939059684663
046_GHL_id_15_Sensor_tr_50000_1st_156462.csv,2189.278129816056,0.0032030830552664,0.067838223689383,0.0034765335382955,0.0772150521768367,0.0124326451708212,0.017478645440246,0.0123137165261206,0.0226738281071288,0.7763677782855971
047_GHL_id_16_Sensor_tr_50000_1st_77001.csv,2197.0571236610413,0.0839582546273384,0.8767386673227877,0.0918995548652515,0.8695918714437533,0.2343575280743123,0.2808207934336525,0.2265938819651866,0.1433099783034852,0.7973877621033325
048_GHL_id_17_Sensor_tr_50000_1st_154001.csv,2209.124847650528,0.3487831585272014,0.8997800580486947,0.2855228818567282,0.7362291091108049,0.6109652189474865,0.7082995951417004,0.592921866985809,0.4732159807122385,0.856342426318675
050_GHL_id_19_Sensor_tr_43750_1st_55001.csv,1700.8800673484802,0.0174817353861483,0.7427008551254588,0.0184963327723534,0.7473112423641985,0.0490173699835449,0.0553227979909347,0.0489381120347302,0.0178400173605034,0.7381114907037386
051_GHL_id_20_Sensor_tr_50000_1st_75110.csv,2187.4583308696747,0.0538543615691922,0.8611398589871702,0.0538020051547288,0.8614233381593822,0.1170978481118687,0.1430458803747297,0.116736816043575,0.0584797388855503,0.6666812116352717
052_GHL_id_21_Sensor_tr_50000_1st_98001.csv,2188.116287469864,0.015353744368086,0.7130279823156729,0.0159746522154689,0.7204960957343889,0.0318214098966769,0.0345785406502617,0.0303312111023678,0.0079537173955568,0.6692778592635362
053_GHL_id_22_Sensor_tr_50000_1st_126448.csv,2206.523652791977,0.0480313587589586,0.6507834269694914,0.0550621096453902,0.6461191469356965,0.1336646642816445,0.1723501692440432,0.1356106081821079,0.0570687217074663,0.8702761035179875
054_GHL_id_23_Sensor_tr_50000_1st_135001.csv,2193.447011947632,0.0816923511718509,0.8278870852910932,0.0637985047853667,0.7874157393774271,0.1891659747087598,0.2257228056527939,0.181864235055724,0.0753249946218384,0.8060462832650849
055_GHL_id_24_Sensor_tr_50000_1st_118124.csv,2187.582153558731,0.0177219537246954,0.815853382713893,0.0239253685982196,0.8142183228365633,0.0645888500430294,0.1001041718339203,0.06523963841037,0.0387379217611557,0.6666768129831673
056_GHL_id_25_Sensor_tr_50000_1st_105568.csv,2203.5530138015747,0.0313575993607764,0.6781669781907667,0.0341491200707234,0.6767343409805026,0.0850748283524683,0.1005779006805649,0.0840906277083074,0.0269442620578891,0.799730928017742
057_SMD_id_1_Facility_tr_4529_1st_4629.csv,97.30122685432434,0.06604463054911236,0.7680586599836282,0.0763888167134985,0.7436896099999882,0.1416054535600994,0.4776357827476038,0.16438356164383527,0.16241280966445057,0.7392502184232806
058_SMD_id_2_Facility_tr_1087_1st_1187.csv,136.78755283355713,0.0980912003605817,0.5112231212724965,0.075592349569627,0.5283114019487583,0.124041310967762,0.2126642771804062,0.163934426229508,0.1610337972166998,0.6704389511776252
059_SMD_id_3_Facility_tr_757_1st_857.csv,96.67417931556702,0.006762727713757185,0.22196832370896413,0.009079848820202997,0.23873956312164513,0.02344816436230521,0.025478310286039023,0.023351707973436324,0.10398604980964836,0.6698596096274648
060_SMD_id_4_Facility_tr_7176_1st_10609.csv,131.9233913421631,0.3931661109807106,0.7581225456644357,0.1193176350966894,0.6543026233029936,0.4896096576079546,0.8348993288590604,0.333333333333333,0.1991966216912143,0.7226012543064204
061_SMD_id_5_Facility_tr_7176_1st_15144.csv,136.75636529922485,0.0559041245805548,0.5233053090282922,0.0658519475995142,0.5175663826875436,0.1169448262662774,0.5885334178017105,0.1492537313432834,0.1532774193511064,0.7652415456029654
063_SMD_id_7_Facility_tr_5923_1st_6506.csv,97.00122833251952,0.0497255832847187,0.5433605863147686,0.0547312141808272,0.4838649148913372,0.1089984959245026,0.4613555291319857,0.1117663722283741,0.1533749247751156,0.6872055767134875
064_SMD_id_8_Facility_tr_2272_1st_2372.csv,81.16433191299438,0.0545911622544421,0.7008477933364569,0.0877746253976765,0.7080824047877071,0.1270413959042113,0.2009734652221698,0.1273255813953487,0.1453998529141109,0.6990667743632061
065_SMD_id_9_Facility_tr_737_1st_837.csv,98.97130966186523,0.1068732666869369,0.496976896838888,0.1268904825099454,0.508442350345347,0.1895805850737363,0.8459821428571429,0.2625264643613264,0.2415059139685169,0.6843193020194988
066_SMD_id_10_Facility_tr_2634_1st_2734.csv,96.39230060577393,0.06204221715100801,0.613164428711983,0.055222911872431585,0.47059800744087654,0.11463419385675729,0.8604269293924466,0.14772727272727224,0.11372731503024663,0.6748627086175913
067_SMD_id_11_Facility_tr_1980_1st_2080.csv,87.26591753959656,0.0493817031074384,0.4627237612996413,0.046527678815424606,0.3463275896198229,0.09396533007549586,0.8126213592233009,0.12806539509536735,0.1960613547633029,0.7168954874743021
068_SMD_id_12_Facility_tr_1099_1st_1199.csv,131.55331301689148,0.025419680949275207,0.8104276953566529,0.028879690142639268,0.7934369206616629,0.06359595252619571,0.1697196261682243,0.06350131080687438,0.09466416987755602,0.7203725216938927
069_SMD_id_13_Facility_tr_5925_1st_12760.csv,94.60509634017944,0.11796782063825,0.5207192659894931,0.1204294048134284,0.4789120868657434,0.2364432052357188,0.5580890336590663,0.2625855173441203,0.3136077947759045,0.7361807075495336
070_SMD_id_14_Facility_tr_1070_1st_1170.csv,131.25555229187012,0.3017132399431262,0.6802687474973466,0.0805662341547798,0.552528595101305,0.4320743120681378,0.4567474048442906,0.3840579710144923,0.3680253862717691,0.6699077984876618
071_SMD_id_15_Facility_tr_1109_1st_1209.csv,132.05168843269348,0.019482531886278177,0.7482895995945447,0.022392019269688326,0.7211147008481241,0.04875623684183118,0.13708165997322624,0.04851579955314386,0.06065888751085572,0.6736908484572505
073_SMD_id_17_Facility_tr_5926_1st_10620.csv,92.78629302978516,0.07382913790361742,0.9620977717529441,0.08253888697846933,0.9572119224024064,0.161167518817723,0.32786885245901637,0.19077901430842573,0.2600702766853606,0.8174200071166755
074_SMD_id_18_Facility_tr_7174_1st_21230.csv,131.5426914691925,0.337605544887716,0.9849466664681767,0.3215103352970976,0.9859612773973994,0.352937339834094,0.6203554119547657,0.4999999999999996,0.3224220757457268,0.8933298263385582
075_SMD_id_19_Facility_tr_564_1st_664.csv,101.84052395820618,0.0127781321235926,0.3696401785740959,0.0353485153810173,0.4692781327102681,0.0412727643959816,0.0559046587215601,0.0411626467471699,0.1137904519739665,0.7254980824557681
076_SMD_id_20_Facility_tr_5925_1st_17580.csv,93.26901483535767,0.37203580368263833,0.931292084821577,0.3974494983032787,0.9332932803697396,0.5966052114172453,0.9526627218934911,0.7999999999999995,0.5603495357728018,0.9912867852525528
077_SMD_id_21_Facility_tr_3026_1st_3126.csv,81.61568808555603,0.0674650093040579,0.7496378852498592,0.1045247240643533,0.7641908377946087,0.1255835079100049,0.3647686832740213,0.126798217695735,0.1386667625642074,0.7048507667252809
078_SMD_id_22_Facility_tr_500_1st_326.csv,95.7548758983612,0.3944594545779285,0.7274224240017929,0.1107108685476292,0.4562850834950125,0.4594911141748379,0.8006662965019433,0.2624369142033162,0.1444700585616807,0.6791034725994596
079_LTDB_id_1_Medical_tr_3618_1st_3718.csv,314.78555965423584,0.6085703948340309,0.9223049605596813,0.730718761305417,0.9496603942352608,0.6179606781559881,0.7340093009072196,0.6744323920715676,0.6045552867871897,0.8314937332806609
080_LTDB_id_2_Medical_tr_500_1st_266.csv,327.1034002304077,0.7851265493834416,0.9688446753766962,0.8871653061017942,0.9838247308619608,0.7893416099332742,0.8577449338952716,0.8379267249884885,0.8094890264052441,0.9615889020891116
081_LTDB_id_3_Medical_tr_500_1st_26.csv,341.97975182533264,0.2164393496752761,0.2561091514549488,0.2722626347736683,0.33852727662905,0.479893577170528,0.6236651528169879,0.4798425101091481,0.3545923826064019,0.766822478993906
083_LTDB_id_5_Medical_tr_15502_1st_15602.csv,263.90731048583984,0.666039436726851,0.99340345974896,0.5077573120054603,0.9937486423875435,0.6111061858421648,0.908273381294964,0.9090909090909085,0.6514328342282489,0.9503294350365344
084_SVDB_id_1_Medical_tr_12973_1st_13073.csv,638.7393190860748,0.5121741897312235,0.9789079728053892,0.5393816011106362,0.9862774589801134,0.5585774064793201,0.7701119500130175,0.680768850785426,0.6005861395880369,0.9328425167768372
085_SVDB_id_2_Medical_tr_50000_1st_54982.csv,662.514449596405,0.6120725307585881,0.977004672440012,0.7264966641527238,0.9861769225904377,0.6643529693492168,0.7451169520135037,0.7116242850973048,0.652995450744287,0.9168353935641772
086_SVDB_id_3_Medical_tr_533_1st_633.csv,679.1120960712433,0.7111540486152456,0.9761658240454364,0.8174179920343068,0.9837107893345518,0.7067502713443561,0.7957155608449866,0.7594534663262629,0.7032462506905457,0.9046100837938028
087_SVDB_id_4_Medical_tr_5421_1st_5521.csv,675.5885169506073,0.4184414487834927,0.94030174273044,0.5257146113673979,0.959614651685772,0.4913532158304267,0.6358832039207581,0.5512486643754824,0.510952771317743,0.9391946788421756
088_SVDB_id_5_Medical_tr_500_1st_168.csv,702.7773804664612,0.6445978231239344,0.9671494761656833,0.7858709657838341,0.9808827090328442,0.7131205963327818,0.8335901386748844,0.7879608305271893,0.7110311652862252,0.9374400857640218
089_SVDB_id_6_Medical_tr_50000_1st_83083.csv,638.069130897522,0.954554189809978,0.9991052676364962,0.8657445097959608,0.9978731066835212,0.9005026276449185,0.947950553025374,0.839961819917276,0.5176053287971434,0.933265025048424
091_SVDB_id_8_Medical_tr_500_1st_126.csv,674.9545342922211,0.5458259374675919,0.9438346678795742,0.6070809366379968,0.9581779645220706,0.5681251969137292,0.7617229179536138,0.6519066672343584,0.5514668113439415,0.8868148580323656
092_SVDB_id_9_Medical_tr_2674_1st_2774.csv,654.0287597179413,0.3661395219975547,0.680767630848483,0.4418563394883569,0.748205465656774,0.440529961792145,0.9093436525528796,0.9106900973468904,0.7235885425214384,0.948594155980891
093_SVDB_id_10_Medical_tr_500_1st_37.csv,681.2106070518494,0.647864237859384,0.9592537411792638,0.6863354924842956,0.9620909359061596,0.5908190297899583,0.6926136515309255,0.621732490704449,0.5700280541034114,0.9105999142624792
094_SVDB_id_11_Medical_tr_20100_1st_23611.csv,221.58918738365173,0.8725966136755987,0.9982330286452116,0.9045129699978556,0.9990533927909672,0.8178977345570722,0.84375,0.8219544846050865,0.8419972405767631,0.9180738562527536
095_SVDB_id_12_Medical_tr_6264_1st_6364.csv,653.2475666999817,0.8128613169288456,0.994247271774315,0.9258118104861712,0.9980007772995227,0.7819835496636747,0.9211832184056196,0.8786467373002091,0.7385875745368226,0.9870107350313008
096_SVDB_id_13_Medical_tr_500_1st_444.csv,653.0887308120728,0.8039667641801902,0.9941216600402976,0.9145167307141048,0.9976949705286284,0.785575945778644,0.9023022784206132,0.8677150786308968,0.761137723526325,0.9896978477632732
097_SVDB_id_14_Medical_tr_1031_1st_1131.csv,717.2566525936127,0.2413781382818355,0.6068969482850095,0.3186904940019918,0.7197344041732879,0.2844738995258206,0.4738330768667106,0.3574950463112294,0.266546636972306,0.7823762342955513
098_SVDB_id_15_Medical_tr_500_1st_303.csv,691.2303068637848,0.6797613043368611,0.9681709580042788,0.78762580169569,0.9838613395325636,0.6532496004516554,0.8148514851485148,0.7714632914135338,0.6952438807274628,0.9505383671996416
099_SVDB_id_16_Medical_tr_1115_1st_1215.csv,688.3292634487152,0.1898841374478047,0.713086838624328,0.1922416266780434,0.7561574305470097,0.2230779249918369,0.3233580810965162,0.2461571726896658,0.1740939298727613,0.718019275594283
100_SVDB_id_17_Medical_tr_17803_1st_17903.csv,365.7142376899719,0.8405336461840659,0.99542156935871,0.9257143191175414,0.9981214204197336,0.8142392257446613,0.895203400121433,0.8512528765021729,0.7915275834472149,0.9750250105361468
101_SVDB_id_18_Medical_tr_1851_1st_1951.csv,688.3234424591064,0.4879910493013938,0.9205854017352738,0.46061251858804,0.907166045450406,0.5402953494571542,0.6829185018266243,0.5592423132918891,0.5225186140434536,0.852432841267799
102_SVDB_id_19_Medical_tr_50000_1st_107354.csv,646.2422204017639,0.8168967769845747,0.9815410539148142,0.7087836964476733,0.9653850406225404,0.7781256447668614,0.992809005685027,0.7999999999999995,0.5168577168468672,0.9502872905928356
103_SVDB_id_20_Medical_tr_12167_1st_12267.csv,648.6918959617615,0.735925910680614,0.9919839793248268,0.8686372029053501,0.996984718987814,0.7559638194702466,0.8650573239336324,0.824390779668987,0.7588402300192335,0.9803812426777756
104_SVDB_id_21_Medical_tr_50000_1st_106634.csv,639.4084458351135,0.9012820315400896,0.9964840953568578,0.8555722629206186,0.9956452090733292,0.8368150947199803,0.9154798761609908,0.8556265030267844,0.760154830721625,0.9483234027036246
105_SVDB_id_22_Medical_tr_500_1st_417.csv,458.3427224159241,0.4859365348461648,0.9278787594787936,0.5661067579236646,0.948612423664496,0.526538750454153,0.7091813362999804,0.6132551777777402,0.5669601340996996,0.8909588291526593
106_SVDB_id_23_Medical_tr_37500_1st_121963.csv,412.1281476020813,0.9905470895274936,0.9999556977805618,0.9464569266587224,0.99979233072026,0.962300986724941,1.0,0.9999999999999996,0.7232272386561196,0.9999537943930574
108_SVDB_id_25_Medical_tr_1238_1st_1338.csv,641.6476209163666,0.46414689721255264,0.9531364065381046,0.4838900549547378,0.9718340188059753,0.5080663023114531,0.7582800226739007,0.5620017952632664,0.41960860771932534,0.9337445478253609
109_SVDB_id_26_Medical_tr_1038_1st_1138.csv,690.0785372257233,0.36488119538212105,0.8830279297444896,0.494598727108233,0.9163043074630535,0.4544877741370395,0.6056541975521462,0.5154956449909167,0.47731958741126274,0.8495805573320737
110_SVDB_id_27_Medical_tr_30824_1st_30924.csv,644.2950785160065,0.49465192518599777,0.9784055001099133,0.5665681473764838,0.9806128929757199,0.5603771492524705,0.6843221434852325,0.6177102924295842,0.544144571686807,0.9276387423221643
111_SVDB_id_28_Medical_tr_1791_1st_1891.csv,621.1272225379944,0.231635255714922,0.8298672463447199,0.2492252676519477,0.8157090459938626,0.3860138862311753,0.5044708680142688,0.4190660241567053,0.4414032964294113,0.8754663557347306
112_SVDB_id_29_Medical_tr_8226_1st_8326.csv,628.6498131752014,0.15452487403464968,0.9686205468431337,0.2094725455924342,0.9723158032875346,0.28365396725999836,0.45098873059749095,0.3090261896712865,0.46701549297211875,0.9554602668974758
114_SVDB_id_31_Medical_tr_25000_1st_63090.csv,269.38293862342834,0.36216988735851957,0.9794195663514064,0.3486303345198784,0.9823557678855329,0.5556966378862657,0.9822134387351779,0.8879492600422828,0.6432897578720019,0.9986170800753612
115_PSM_id_1_Facility_tr_50000_1st_129872.csv,3366.8420004844666,0.09731127614198236,0.4605209398104009,0.11395825972891332,0.425373189163846,0.20341168321096526,0.5954929577464789,0.2037161215845717,0.22547580033162465,0.694295208625714
116_TAO_id_1_Environment_tr_500_1st_3.csv,33.64198017120361,0.07744724587302024,0.6153835794247721,0.8773722921720382,0.9188709811932414,0.1346437387426751,0.13293566254793354,0.1324150790189914,0.20917462837880982,0.6732506386786045
117_TAO_id_2_Environment_tr_500_1st_1.csv,34.07662749290466,0.20007707841447736,0.6128379974133569,0.7576941127517998,0.8223253369255752,0.2830694386836002,0.2833525567089581,0.28006896006914556,0.22507477150809635,0.6865572826146525
118_TAO_id_3_Environment_tr_500_1st_7.csv,24.05609440803528,0.11039038064456407,0.6915738015138772,0.49195801670941,0.7471089593702086,0.1709037574196512,0.17010568696527428,0.1682202178931851,0.21537998239115247,0.6727908884122988
119_TAO_id_4_Environment_tr_500_1st_1.csv,53.61610555648804,0.1188421114718117,0.5636342282173314,0.9342356593589802,0.9537362138820769,0.1942871282704675,0.19381915299504,0.1928426348313606,0.1505369389358541,0.6781545235150408
121_TAO_id_6_Environment_tr_500_1st_7.csv,36.9173150062561,0.1956429739813715,0.604153718892607,0.8745337037935136,0.9068859825585693,0.2825736081212511,0.2828828828828829,0.2798455326987471,0.1846937545849059,0.6867761090412114
122_TAO_id_7_Environment_tr_500_1st_19.csv,32.68217873573303,0.14617666425475595,0.6351947304929231,0.8165292545544186,0.8771458078218273,0.2231470773050193,0.22354104846686448,0.22078072859513012,0.15849258878991393,0.6792530100565589
123_TAO_id_8_Environment_tr_500_1st_62.csv,34.879894971847534,0.0768876333086466,0.5887167047535298,0.8863239474518395,0.9278247993791104,0.127027373561008,0.126161369193154,0.1257547986867808,0.1790797918059964,0.6727057575675268
124_TAO_id_9_Environment_tr_500_1st_1.csv,33.40236496925354,0.0784396834159812,0.6233589625277725,0.8746217311702058,0.9187867407394154,0.1434473769348928,0.1416974169741697,0.1407987395160459,0.2521176496076545,0.6717546247480751
125_TAO_id_10_Environment_tr_500_1st_9.csv,70.42816281318665,0.1025150641404966,0.5070102149096725,0.9643727184964014,0.974689903730507,0.1734401272920003,0.1731343283582089,0.1731273850337035,0.2219251150560817,0.6796365197559091
127_TAO_id_12_Environment_tr_500_1st_24.csv,13.267157554626465,0.0706201955122879,0.593765026463912,0.137541300779706,0.531813984956049,0.1246117374499673,0.1241184767277856,0.1240114926802569,0.1223831565067602,0.6712779001303711
128_TAO_id_13_Environment_tr_500_1st_7.csv,36.97045063972473,0.1956429739813715,0.604153718892607,0.8745337037935136,0.9068859825585693,0.2825736081212511,0.2828828828828829,0.2798455326987471,0.1846937545849059,0.6867761090412114
129_OPPORTUNITY_id_1_HumanActivity_tr_1801_1st_1901.csv,508.03769874572754,0.6786339187636884,0.9227558712163729,0.6630839758225213,0.9252958474475136,0.6940662441690412,1.0,0.9999999999999996,0.6129634863409826,0.9956193992814472
130_OPPORTUNITY_id_2_HumanActivity_tr_1045_1st_1145.csv,29.249123334884644,0.8459083862314056,0.9640070930846969,0.8434163776412242,0.9640340157659213,0.8013648880909752,1.0,0.9999999999999996,0.8280859570214893,0.9968853857592886
132_OPPORTUNITY_id_4_HumanActivity_tr_895_1st_995.csv,80.36247229576111,0.3103334833349756,0.9427448138697666,0.3179710767290026,0.9428003794525748,0.4699848863540702,0.8439306358381503,0.5978755690440056,0.4490161001788909,0.8766760317462226
133_OPPORTUNITY_id_5_HumanActivity_tr_1745_1st_6500.csv,47.92879772186279,0.1472405181180614,0.7390240384615384,0.1501836166765805,0.7390490310142414,0.2520461121208134,0.8191126279863481,0.3747810858143604,0.3288590604026846,0.7105410380280988
134_OPPORTUNITY_id_6_HumanActivity_tr_1477_1st_1577.csv,232.99201774597168,0.055226546160347,0.8194531794728769,0.0562462887731061,0.8196234405171927,0.122069855387639,0.4259148170365927,0.1281191806331469,0.2054054054054054,0.6734941761273762
135_OPPORTUNITY_id_7_HumanActivity_tr_2085_1st_2185.csv,394.4977259635925,0.1656673230851927,0.8541835417019775,0.1579039714863254,0.8361246991784071,0.3242507807751555,0.6547179757511861,0.3261021693491948,0.250148704402858,0.7993524549839433
136_OPPORTUNITY_id_8_HumanActivity_tr_1495_1st_1595.csv,597.6618542671204,0.37389174385224655,0.9203272395991497,0.3084722147029715,0.921854439311455,0.3629937332115989,0.8302872062663186,0.5949656750572077,0.2525382094652493,0.8615325961228532
137_CreditCard_id_1_Finance_tr_500_1st_541.csv,6324.1523225307465,0.0010235384160397622,0.23937232392389696,0.011656368532181605,0.2661692727619474,0.0034490391563352257,0.003449049408333801,0.0034490494083337974,0.033150284709749116,0.66879095988662
138_CATSv2_id_1_Sensor_tr_16568_1st_16668.csv,542.1065788269043,0.0402557620890507,0.6465009030612245,0.0398049501478747,0.6647849317761972,0.0782900953854716,0.5010737294201861,0.252525252525252,0.1322314049586777,0.734322713884907
139_CATSv2_id_2_Sensor_tr_5592_1st_5692.csv,1905.43731880188,0.0446262187122002,0.5862240478028695,0.0463325431258626,0.579424661779695,0.090967938827802,0.296625880608083,0.1318407960199,0.0956269333205233,0.6750394904863788
141_CATSv2_id_4_Sensor_tr_41727_1st_41827.csv,1895.393309354782,0.0317561583773439,0.5434937706710645,0.033999308251279,0.5549048314695746,0.0693956216184064,0.2869007172517931,0.0659181858603823,0.0750319683389812,0.6682979544110796
142_CATSv2_id_5_Sensor_tr_30704_1st_30804.csv,6041.2946434021,0.073892125878258,0.5667171941067247,0.0762616817873469,0.5885553602845449,0.1235328827415423,0.6622735852180536,0.2246395142929416,0.1121443309029077,0.6876538655744399
143_CATSv2_id_6_Sensor_tr_50000_1st_60232.csv,2009.6615097522736,0.0579606266257027,0.6215020943877549,0.0499847391137645,0.579576447047827,0.1357779456975257,0.4342742608986136,0.2438141219070604,0.1686404547607768,0.7118907063040822
144_SMAP_id_1_Sensor_tr_2052_1st_5300.csv,28.434439182281494,0.5344297297589722,0.8351783265505845,0.5410726793740155,0.8401886277876423,0.6954367561021083,0.544042708080563,0.4801966675771643,0.2050297210791038,0.849611070434989
145_SMAP_id_2_Sensor_tr_2133_1st_5400.csv,26.19506931304932,0.1229435741320714,0.669482640314476,0.1311499624038918,0.6815485534848563,0.231432583839184,0.3318242343541944,0.2429441062534585,0.2188812112263406,0.8062660276232629
146_SMAP_id_3_Sensor_tr_2128_1st_5000.csv,25.21410584449768,0.0808197338729144,0.7372301880100058,0.0743445958664815,0.5646944980445732,0.1803651336630873,0.1527386541471048,0.1390709603875745,0.1342097472042882,0.6690886122449182
147_SMAP_id_4_Sensor_tr_2160_1st_6449.csv,24.75108575820923,0.0167359425185513,0.5597560727164074,0.0217242063291725,0.6330029658846132,0.0512807405003029,0.1638456330399458,0.0533980582524271,0.1228273464658169,0.6965431487667779
148_SMAP_id_5_Sensor_tr_2011_1st_5060.csv,27.17221426963806,0.0127904882003242,0.6563401479994982,0.0223796072595045,0.6585409699938456,0.0252576659457423,0.022785622593068,0.022785622593068,0.0117793446702613,0.6675854866902459
150_SMAP_id_7_Sensor_tr_2077_1st_5394.csv,23.957359790802,0.0898480600306396,0.7950942069872158,0.1061661048842965,0.8108431230560421,0.2109888677675928,0.1757898029402564,0.1584683357879232,0.1345398057222914,0.8051660300478828
151_SMAP_id_8_Sensor_tr_1971_1st_4870.csv,24.54154634475708,0.0127246660312314,0.6161969992547974,0.013009233463775,0.6165764519218665,0.0390377417647473,0.0610399397136397,0.0386662930792938,0.1082045184304399,0.6928254572749329
152_SMAP_id_9_Sensor_tr_2073_1st_5600.csv,24.259057998657227,0.1837922851110386,0.8177337611010368,0.1367314959743553,0.8266876874703493,0.2455680140297421,0.2129353233830845,0.1945231350330498,0.1474234301223184,0.8233619787523417
153_SMAP_id_10_Sensor_tr_1840_1st_4030.csv,22.8459153175354,0.0162969399082048,0.8341096894575504,0.017822920160851,0.8351144485410785,0.0537699685597813,0.0687919463087248,0.0511000709723207,0.1265164644714038,0.8599065181275377
154_SMAP_id_11_Sensor_tr_2117_1st_4770.csv,25.441771507263184,0.009719021061892,0.2722080213204925,0.0121010205039392,0.2988311456090483,0.0340123149934911,0.0391839378238342,0.0338793224135516,0.0774947654546347,0.6684619686143456
155_SMAP_id_12_Sensor_tr_1907_1st_4800.csv,23.701524019241333,0.0046464229440195326,0.3303677020498049,0.004831936652766928,0.3384179122401937,0.013955258876359384,0.030529781502544148,0.013904034896401294,0.04411764705882353,0.6713150303924552
156_SMAP_id_13_Sensor_tr_1173_1st_2750.csv,13.180891036987305,0.0108672490943959,0.5,0.0222095034940357,0.5028890447335276,0.021500630475424,0.0,0.0,0.0,nan
157_SMAP_id_14_Sensor_tr_2126_1st_5000.csv,26.056392431259155,0.076224788270659,0.7534968723979345,0.0848717877867333,0.6913019024372935,0.1733697304710634,0.1688958825072121,0.1561636957067535,0.235997998089085,0.6897799462586226
158_SMAP_id_15_Sensor_tr_2075_1st_5610.csv,24.105812549591064,0.0122592826953076,0.6751532816628761,0.0169577890490045,0.6796726186106694,0.0460407081966387,0.047550432276657,0.0459450052210232,0.0193775689958896,0.8043020757538918
159_SMAP_id_16_Sensor_tr_1757_1st_2650.csv,19.70285129547119,0.038127756437615595,0.5,0.04081701912316738,0.5007003794973945,0.07345413689306808,0.0,0.0,0.0,nan
160_SMAP_id_17_Sensor_tr_1832_1st_5300.csv,22.060300827026367,0.1058001169606056,0.7303608398538843,0.1118437694901703,0.7308053537856917,0.2936123108897044,0.3614360629286002,0.30379746835443,0.29145447548969,0.87014323847126
161_SMAP_id_18_Sensor_tr_2075_1st_5550.csv,23.935067176818848,0.0800455751184871,0.7067279250652412,0.0876229833298112,0.7123047485114256,0.197773886586441,0.2262326780534966,0.1987878787878786,0.1308124076809453,0.8157408081220929
162_SMAP_id_19_Sensor_tr_1908_1st_4690.csv,22.886651515960693,0.0040618448637316,0.5,0.0088907932176243,0.5012161498911515,0.0080907454670893,0.0,0.0,0.0,nan
163_SMAP_id_20_Sensor_tr_2051_1st_4575.csv,27.33514928817749,0.0158397797975974,0.2943694210121928,0.0194802889306731,0.3336624826649593,0.0558301641723347,0.0664523043944265,0.0555555555555555,0.0992543479240831,0.6777627145376305
165_SMAP_id_22_Sensor_tr_2129_1st_5000.csv,25.351130962371823,0.2251488266008654,0.8654096887364603,0.1891205233006726,0.719231016490736,0.4696262191131717,0.2794376098418277,0.2386831275720161,0.2285134699635344,0.6715688796231961
166_SMAP_id_23_Sensor_tr_1113_1st_1890.csv,11.5281081199646,0.009207275993712105,0.5,0.009669387167470804,0.5001166467614596,0.018246370157796368,0.0,0.0,0.0,nan
167_SMAP_id_24_Sensor_tr_2094_1st_5600.csv,24.30051612854004,0.0071948642441502,0.6550075350783502,0.0115072236347296,0.665788607159563,0.027296668175673,0.0282856157295619,0.0272063702720636,0.0104021311683369,0.7980092637822097
168_SMAP_id_25_Sensor_tr_1998_1st_2098.csv,26.50303053855896,0.0238682059929952,0.5518165574746874,0.034771131426658,0.5545977620062034,0.0466231351605866,0.0440613026819923,0.0440613026819922,0.0122096881220968,0.6797693621257045
169_SMAP_id_26_Sensor_tr_1811_1st_4510.csv,20.99442028999329,0.0111816675869685,0.5,0.0185297073298605,0.501867131247274,0.0221158222429811,0.0,0.0,0.0,nan
170_SMAP_id_27_Sensor_tr_2160_1st_4690.csv,25.009655714035038,0.0167470890064075,0.7176979406607764,0.0177289900980806,0.7182158332557907,0.0591504350363141,0.074074074074074,0.0588642659279777,0.2106304079110012,0.6731444617553831
171_SWaT_id_1_Sensor_tr_3749_1st_9522.csv,67.76923394203186,0.2042838711754797,0.664161699150007,0.250841064263334,0.7114597148141487,0.3043671098911207,0.5607793307920372,0.3743920370998752,0.3516504718872732,0.735901155439175
172_SWaT_id_2_Sensor_tr_23700_1st_23800.csv,2168.628496646881,0.5624362807547948,0.8122840262759858,0.2947537403227206,0.6262383018597854,0.4848762489304168,0.8460909893992933,0.3511688329556242,0.1660238090185983,0.6966627129023879
173_GECCO_id_1_Sensor_tr_16165_1st_16265.csv,626.5088720321655,0.1040523148505161,0.5219910687546306,0.028487630094702072,0.5267079503099676,0.15312906180056735,0.26480500722195477,0.10238473767885509,0.06824718177725737,0.6687223083030248
174_Exathlon_id_1_Facility_tr_10766_1st_12590.csv,132.79514408111572,0.6540651991457785,0.9508186449612048,0.6645867442861845,0.9525081970544275,0.6904286401238469,0.9725427063768893,0.8973504123530439,0.37669613189594103,0.9356353472351255
175_Exathlon_id_2_Facility_tr_10684_1st_10784.csv,125.48761510848999,0.49095102812166097,0.9158996879624857,0.5028306675334921,0.9167105843517228,0.4754667153120563,0.9913612565445026,0.917715392061955,0.41263658086650307,0.9538161963717448
176_Exathlon_id_3_Facility_tr_10766_1st_12590.csv,194.7603063583374,0.9437061072122428,0.9961210842585756,0.9460603791278418,0.9961740056981456,0.9607163040806104,0.9967916399303328,0.9827586206896546,0.6227128621329118,0.9861285542397888
177_Exathlon_id_4_Facility_tr_11665_1st_13484.csv,150.7501482963562,0.7977189325117431,0.9802401528260309,0.8083694307872813,0.9829092514369423,0.8621621430660474,0.9815621857190747,0.9420505200594348,0.5916807643167732,0.9520533296388096
179_Exathlon_id_6_Facility_tr_11665_1st_13484.csv,219.54949712753296,0.8013632591302504,0.9885842649890864,0.8160918261683747,0.9887358852047328,0.8478140775914893,0.986356745831228,0.9410187667560316,0.7172932560274269,0.9488508122667038
180_Exathlon_id_7_Facility_tr_10766_1st_12590.csv,194.73421478271484,0.9437061072122428,0.9961210842585756,0.9460603791278418,0.9961740056981456,0.9607163040806104,0.9967916399303328,0.9827586206896546,0.6227128621329118,0.9861285542397888
181_Exathlon_id_8_Facility_tr_11663_1st_13482.csv,128.98913049697876,0.88823533803605,0.9696274072390093,0.8846369063008407,0.9706258038600527,0.8582819116083732,0.9996609020006781,0.9971988795518202,0.5488956505354804,0.9919482301750802
182_Exathlon_id_9_Facility_tr_10766_1st_12590.csv,194.8538789749145,0.9437061072122428,0.9961210842585756,0.9460603791278418,0.9961740056981456,0.9607163040806104,0.9967916399303328,0.9827586206896546,0.6227128621329118,0.9861285542397888
183_Exathlon_id_10_Facility_tr_11665_1st_13484.csv,150.69929838180542,0.7977189325117431,0.9802401528260309,0.8083694307872813,0.9829092514369423,0.8621621430660474,0.9815621857190747,0.9420505200594348,0.5916807643167732,0.9520533296388096
184_Exathlon_id_11_Facility_tr_11665_1st_13484.csv,150.74486899375916,0.7977189325117431,0.9802401528260309,0.8083694307872813,0.9829092514369423,0.8621621430660474,0.9815621857190747,0.9420505200594348,0.5916807643167732,0.9520533296388096
185_Exathlon_id_12_Facility_tr_11665_1st_13484.csv,150.76670622825623,0.7977189325117431,0.9802401528260309,0.8083694307872813,0.9829092514369423,0.8621621430660474,0.9815621857190747,0.9420505200594348,0.5916807643167732,0.9520533296388096
186_Exathlon_id_13_Facility_tr_10766_1st_12590.csv,194.85150742530823,0.9437061072122428,0.9961210842585756,0.9460603791278418,0.9961740056981456,0.9607163040806104,0.9967916399303328,0.9827586206896546,0.6227128621329118,0.9861285542397888
187_Exathlon_id_14_Facility_tr_6193_1st_6293.csv,138.72299361228943,0.8346576977591412,0.9350306439964106,0.8423232830089347,0.9475432709872246,0.7591190904829113,0.9998281196287384,0.9990173599737956,0.5767873513303459,0.984887598264222
188_Exathlon_id_15_Facility_tr_12538_1st_12638.csv,993.0274569988252,0.8357614417839885,0.979243494481166,0.8431357440624362,0.9815001736428136,0.8343975962198557,0.9765340771283046,0.9394176581089536,0.5493117365191433,0.9482652553719844
189_Exathlon_id_16_Facility_tr_11663_1st_13482.csv,128.78997135162354,0.88823533803605,0.9696274072390093,0.8846369063008407,0.9706258038600527,0.8582819116083732,0.9996609020006781,0.9971988795518202,0.5488956505354804,0.9919482301750802
190_Exathlon_id_17_Facility_tr_12538_1st_12638.csv,993.2764730453492,0.8357614417839885,0.979243494481166,0.8431357440624362,0.9815001736428136,0.8343975962198557,0.9765340771283046,0.9394176581089536,0.5493117365191433,0.9482652553719844
191_Exathlon_id_18_Facility_tr_11665_1st_13484.csv,150.793883562088,0.7977189325117431,0.9802401528260309,0.8083694307872813,0.9829092514369423,0.8621621430660474,0.9815621857190747,0.9420505200594348,0.5916807643167732,0.9520533296388096
192_Exathlon_id_19_Facility_tr_11665_1st_13484.csv,150.79726123809814,0.7977189325117431,0.9802401528260309,0.8083694307872813,0.9829092514369423,0.8621621430660474,0.9815621857190747,0.9420505200594348,0.5916807643167732,0.9520533296388096
193_Exathlon_id_20_Facility_tr_8898_1st_8998.csv,125.27671432495117,0.7485218932139734,0.9789335457062431,0.759570307169822,0.9793616393517539,0.7213756861445806,0.9931087289433385,0.9431245500359966,0.44524745735960025,0.9662668715322881
194_Exathlon_id_21_Facility_tr_6985_1st_7085.csv,143.56760478019714,0.9639615875548264,0.9857221454796176,0.969024416757006,0.992103969695131,0.9369926253859928,1.0,0.9999999999999996,0.9290049379091312,0.9992291354189796
196_Exathlon_id_23_Facility_tr_11665_1st_13484.csv,150.71754336357117,0.7977189325117431,0.9802401528260309,0.8083694307872813,0.9829092514369423,0.8621621430660474,0.9815621857190747,0.9420505200594348,0.5916807643167732,0.9520533296388096
197_Exathlon_id_24_Facility_tr_10766_1st_12590.csv,194.84294939041132,0.9437061072122428,0.9961210842585756,0.9460603791278418,0.9961740056981456,0.9607163040806104,0.9967916399303328,0.9827586206896546,0.6227128621329118,0.9861285542397888
198_Exathlon_id_25_Facility_tr_12538_1st_12638.csv,993.74742603302,0.8357614417839885,0.979243494481166,0.8431357440624362,0.9815001736428136,0.8343975962198557,0.9765340771283046,0.9394176581089536,0.5493117365191433,0.9482652553719844
199_Exathlon_id_26_Facility_tr_12538_1st_12638.csv,993.758513212204,0.8357614417839885,0.979243494481166,0.8431357440624362,0.9815001736428136,0.8343975962198557,0.9765340771283046,0.9394176581089536,0.5493117365191433,0.9482652553719844
200_Exathlon_id_27_Facility_tr_10766_1st_12590.csv,194.87225604057312,0.9437061072122428,0.9961210842585756,0.9460603791278418,0.9961740056981456,0.9607163040806104,0.9967916399303328,0.9827586206896546,0.6227128621329118,0.9861285542397888
